filename,target
7_24bdb9ad3f4b5f4ae8222c1bf747b421.png,6
5_2b1bd0da63a8f26a48c3cdff2e4cb6e8.png,4
1_ad2bbb7a1a8c10756c6a3a71ab3caf80.png,0
2_79096f6c714d08b9c4827b7ced97c6bb.png,1
3_14445629c6d01aceb4ed0e86877cfeb0.png,2
8_d33b688d29158e657399987532dd56df.png,7
4_f51ddc680abd225b99d06976f6bc8148.png,3
6_c3fa0f808a4ceb179ff412e4605aa616.png,5
7_704c183e17b6232fc65c2c2809878d5d.png,6
6_7123c65b881a18f4afbc0a9669c67475.png,5
8_57acb08228ee4f17b29c79b153d182e8.png,7
5_0c81f2cfbb8a491aff6ae8b644cb886d.png,4
1_0a54bd8aa98bc596ec9f4f39544c4671.png,0
8_4046cea3a8a10ac22f44473992cd7c87.png,7
4_c3a93a3a22e3a25e72493ddf79970733.png,3
7_955ae86f7b7a69c9d56b681e191c249d.png,6
5_f7082ce6a9414567fb128cda273588ef.png,4
5_b4a49c3e58cde9ec46b33a5dd3d43000.png,4
9_6405b50bf6b66460a09df942fdbc59c0.png,8
2_cf68edd2991bc38c2642344ec9308d6f.png,1
3_e18edaee45bbae8345cd0ec4d57cff30.png,2
7_0d468c639ecb45834f8983271ef29318.png,6
1_25776f065b0a53e90e87aec8007f3733.png,0
3_d57c329e12dae9e9161967a710272f2a.png,2
6_1ff2915178002d3aac2eb67cb2ded06f.png,5
7_e6aefb7cebb4f9e64ac5199dc9ee3ec2.png,6
7_7201c6102fad90c4211f5baacfd10400.png,6
8_f8c3d381c3dfbaa0f8c9da11db080ff3.png,7
5_5cf6ca8660bbe961566ab0272609a10f.png,4
3_78f91670d5b5a7c75f7bb236d901a190.png,2
1_dbf758fd079bb9f2d71d14b1bedad098.png,0
6_483005aea82c4e947df603cb0ec17ac7.png,5
8_fa65b2a39438243c46236a87640c3adc.png,7
3_b2bb8cd2b011f4c5dd43384266af0dd8.png,2
1_c92a56ec0c09d4a1941fced4d755d24d.png,0
8_01f04ab2e4ad10a8c1c5db11d8ea6338.png,7
4_e47f0c8fb52821b7ef94925ec039defc.png,3
6_3a9605cde935cf61e0c23a8691396484.png,5
6_8f81d440df411aa804fd8cf7ef8e4f22.png,5
3_8fbad2093040587e09c8dbe5a7cb6c46.png,2
6_fe49b93e91168e4d98aaa2850e8853ca.png,5
4_7bacede79e3a104b493306640973101f.png,3
3_ef8f067e18e4ac4c5ccb4591227020e9.png,2
7_88d00d66e4ce613a8b9bc5d4543c24da.png,6
3_78dc9597652a12d75bb0e622d9d61b20.png,2
9_e764aafee3d14b8a704966986188d3ff.png,8
9_5c3ef32e7c3af2f02ceebe91bfe9c34c.png,8
6_a4077b1e925d07482c6bed7a21786796.png,5
6_28377784060bb448fdcad4559f7baffb.png,5
7_ce823d5afb69b53aab5672824ae7a8df.png,6
8_6f59b8831c2269b3db59b106e4ae10a0.png,7
1_2f6438d496da16e413a99e1848afae12.png,0
6_6226e80aecad564ee548d3629bb02cf4.png,5
7_0d49cb97c0049abb5e8cf4a6d3a0e03a.png,6
6_fe9f32d81d0999eebf73467321e2e9df.png,5
3_ea1f450e8957b4340302511140b54dad.png,2
7_cb29ef2f593407e44f1c9c7c83037b82.png,6
2_2596090e2a030749bf855746202ff51a.png,1
3_412dc54b18d644188037dd65a6e02ecb.png,2
8_db5a354466ce95ecb9789c71c8c221ca.png,7
7_c8a33f16c04374997f7cd5f9f392cd2d.png,6
9_92e820db25a2fc2126211c19edd49d8d.png,8
2_5ef4fd03d1a5dfddff5cf8f582f36122.png,1
2_20d5089cff702199788589691a58376e.png,1
5_5a478937d074db094fbd3ca9c0c47d46.png,4
6_432f4faa9686b2cc5c69b93d0846c0bf.png,5
2_1c819ab585d10f43e0ace12cb197c592.png,1
6_fcc0990bfacaa671844ce66f8132928d.png,5
2_d4d1dbdff3c14ac90bb08dd9433214f3.png,1
4_7f31c2956da10686e5c7f960e9ee915d.png,3
1_b3a5b05b351af26cd81895a8346bdb7e.png,0
1_53215a63c6666a4f3a8883bc24a39d66.png,0
3_55e1938aab2b2da62f47c1be2918b9aa.png,2
2_d35370d099d20310e3a0eac252bb4852.png,1
8_9dd7f13256a2c6f1f37f6f30347fec51.png,7
8_d5e4bf683fadb5d2d9f14f593ed2403d.png,7
5_18092558df9cef25565fd351f0caa824.png,4
8_879e76f7949c5028e040bb3e3d2a26a6.png,7
8_26e062eb5826b4547bd6040a6b358739.png,7
1_340dc65b7c2869899f1ed8c1d500a3d9.png,0
4_8e15d1f249b52fd06e6abcd083e02e41.png,3
8_a79cc11d8c398d62b2938f12eec362d8.png,7
4_e4761700c274793b951861b86ca399ae.png,3
3_648b138cd650d66cbbdf774f8827ef98.png,2
1_17340aa05fe0c6b83d63a3e692283d22.png,0
4_db636b38a0d0737fd9d186b4bae0f093.png,3
7_612bab0cd0cdb0c2fe09ea0350f05d06.png,6
7_30f393e9f2e2b5b7397006a69e661d1d.png,6
6_544466091d60ca99561b41ccdbadcafd.png,5
2_567b937e87feda7f964ce5ec95db4cda.png,1
1_a0ee518786da29011956befcdfd94a03.png,0
4_c0f2f397674eb5b026d2a4140682c9b9.png,3
5_4d3403efcc9f554d66f1b93acfaed3a8.png,4
7_afee518fd32dd27c742c65887719bb66.png,6
9_7ba54861f6ac27cd8d972cf83eba5e6c.png,8
4_4373765b4118161a3ea145793d37721a.png,3
6_cdf896aefb9d7c7028e4cf61a9ca82e6.png,5
2_0fe14feaa0850f3cbd9cda1657b441cd.png,1
2_3c1b73bb571e1e8f3cd6ce075db8bf02.png,1
6_b62ef8e6d1999aea3718222c32784263.png,5
5_da149d887f5f33361d5712147ccfcf37.png,4
9_43ac706d8b465d69750ebc7aeb4ca9fb.png,8
3_f1b35d40431fea2690405580f2634ce1.png,2
3_36d4dc80c336b188be300e5f06b6c4af.png,2
3_38f3f73e8ed0cea547bbabd9dc6ff0b1.png,2
4_d5b015eeca223630300ef53b3e0a859b.png,3
6_d0497b260eeb1895970dab5f35eac515.png,5
6_afa5859ac536e9fff6c2112e332b31f7.png,5
3_c2d09f37fe8d49776ebd326cea898a33.png,2
7_7e656170d734dea2273b6f48845a630e.png,6
8_24de9181dbb26afee50b85b0456c6e22.png,7
6_367d817a8179c10b4c449eb36b3ca35f.png,5
6_20af2a00302575c026f11e526b27a65e.png,5
5_a2a07500dca4c09cfadeaac73b333f0a.png,4
3_0397127147d0daf8ffcf6f6c38a4c5da.png,2
3_dff53d60b9612dfb7696ca7d6157b470.png,2
7_39b85ad74eaa5ffa87f6d679789e7c18.png,6
2_64fc81debddffc1e8eec474ab6a58ea3.png,1
6_4490a1990c038153cb804f2ba2a947df.png,5
8_1fe3d16e40496042e6c7a846e1542e60.png,7
1_5b7ee1b56211084c15d3f41b0d52d2f9.png,0
3_2f9f18dc30df4876c6bd1bb82d54c854.png,2
3_728698662da5473c6a992c9e3377ede0.png,2
2_9791f3ae1f905723c851b8aff8d2c55c.png,1
4_33bc229b26bee09f4b9ab5b8eec7ec70.png,3
2_53dae688145dae295fc398c6c6e96aad.png,1
6_db3db4ec076958692a2c5fefe741bc53.png,5
1_32374968187f9e687804d1dc0cf8e73f.png,0
7_d5ca2e2817683c25a3f8245a4bd953a1.png,6
5_8f71a8aaa9879e5049ff0caf04cb7da7.png,4
5_0816c51f895b9dfdfe1a76fc099c6d78.png,4
7_9bf47a3cb043ec3fd4ec3f40f7bc5f60.png,6
4_0ab06ee3aac28b43f12050e475b17d04.png,3
9_d8976caa858ed0f880f2b0463c724e84.png,8
3_8209e4e7ed0c6695512d0e8333615ac8.png,2
7_8e00cdfd5dbfe139299bdb3ce726a100.png,6
3_aad2f647ee264743e1127527674f333c.png,2
9_0cb4d77e3a5956621317eaee22023c80.png,8
3_aa0c9e5151aeca8116c751e46d1de69e.png,2
2_fde9236377dd4c4fcf7502a0b95f3211.png,1
9_741b30bc0d016543f10d9bec63a45482.png,8
4_959bcc7e603ee49fb1badd415fb9010d.png,3
3_98ace46c1ef2e2c468d8ba38198eb799.png,2
5_9d3451b0ef877baa676725c214132a7e.png,4
1_91dd84af9a295af07c25e0a254e7f45b.png,0
4_e01a7691686dbcb0a951ecd8936ddbb4.png,3
5_ceb12c53f408fc963c7bbd37140eb429.png,4
1_83f707b4381dfdbc7e3b27aa55f441fb.png,0
4_c5a9b2ffa8b6c68e22e5bfb2ac7579ef.png,3
4_d8757d5b7606665f20373c58ed74c11d.png,3
2_108f84021c3e892ba3fd473e3051fff9.png,1
5_1b30a0db740cec23e9ff8ec73724d667.png,4
5_244e2a7c108ab0a70c0e724e3a4abaf8.png,4
3_f3904de27feb8db0f5dd64cfb2df1d45.png,2
4_11cc6c22f1c4e6b80a15f52606c678f2.png,3
8_e6ba13f6bf9232685c087e2ba9ae6107.png,7
6_049ef9b52ea5bbb2f27d3e70ef8148d8.png,5
6_a3ee9ce217e170408aac3b5fc6a30180.png,5
2_0649b40b109981fff5c2631e02c88a9c.png,1
1_fcd4312a9fa655f47a3195ce7b19df47.png,0
6_af92c4f1880630cb86d9cdedc84ef69b.png,5
4_e4641ffb34fc165286f6702ee475c1c3.png,3
4_69f4f5d3ec9543150bcd1ca8b3cabb97.png,3
2_21e7e2d1b2874670282238c599a46466.png,1
5_9075b4bc2cbeb8dcaf7333606e30b83f.png,4
6_3be6c02ed80bdc37ed080c95a64d3987.png,5
4_fda3d6d2c8c8486cdd6dd94337515c24.png,3
5_a94b8f0710c64beb1cae490fc7a96596.png,4
1_7296e1f819129c9a47190e72ad23e57c.png,0
1_08432d6b93cfdc11a4940e8d92bcf8d0.png,0
4_a5438eef939c73fd1bd3a63a8398e4b5.png,3
7_98e9f8810c6ce6ecf7d940a7740c5fac.png,6
7_e6e2238824ec3e4c94c220b9b17814bf.png,6
1_8fe62be18e92188dede3ccfeae990568.png,0
7_042972c2982be8bc01816e81b0d991ea.png,6
7_375bd238e3d0a7c0af3e6309e0afe6db.png,6
9_db2d18c247a65bdac3c30fa74fe860a4.png,8
2_cc6d47f5a35a2563959993e9584c5f25.png,1
1_5be92f266e5703d1c865a95c78a14194.png,0
8_3bda85ae7f50cb9db0aac28b4ad0e681.png,7
9_7b82e87193cdb474505ee412ea617342.png,8
8_9510e3f34fc145d55dc1e0a432dc5ce1.png,7
5_a10068c06630adf567fcb368eb1472c3.png,4
8_a8a53a754475b6c0c786fbd648781c1b.png,7
7_237eeaa98f09c7ac174de71b579e9190.png,6
1_0e506184487b8a39d5da5d16bdc2cee3.png,0
2_d317ab7b7c353619771660098cddcd5a.png,1
1_72d8d68d6bad3c0d848f1165825df903.png,0
3_156e4d8d9109622040f59c1ac84cefef.png,2
3_fcbc25bee0a7997be7404ef1dd059805.png,2
1_6870207a2f70657826058985ff009d40.png,0
4_6b6e6c05e03a1c891e95397a42273e13.png,3
4_be899c66bd201ae3bb62da39ff462967.png,3
3_295f6fa49c1254b3b53f40079f44ce06.png,2
8_142feedaca5f783aa5ca722c37c5b849.png,7
8_1998451bb60fd12fe590d98b42570a4a.png,7
5_9406777dec947f8590ff270b0a98d585.png,4
6_063eaf3cc87bab1f2167ddee697d6d99.png,5
9_744b07d902b07a149d95626ec80b3657.png,8
7_a55465a20b16b55ce36b764e20f996c4.png,6
1_7b5f76d2a35f6235d9d83b23dbbe44cb.png,0
3_7f781053664326441b5e60eaca7ad1fe.png,2
3_8eae00fd882cba951b2ea31da577699c.png,2
4_7c322881dafdfdd7b5ad26825ff91526.png,3
7_f4401fc97540fc817b2d494204468add.png,6
1_376c5df8a6402e616a7267018f6789ae.png,0
5_13f5864578f2da38fc3872d0a84718f4.png,4
5_0ea64b299b0ba26502045a05c611d243.png,4
6_5d5e8064f44e64b7efe3690afca2f042.png,5
6_a65b6820bf13a91050e8a49653bf05e9.png,5
5_9a20c5f80c36187fe5279644d1697d61.png,4
3_1a774722ac441e75345602a2c23c99ee.png,2
8_3566660906e760aba999880b5740d0ea.png,7
8_319c31bddc1ff56d0a30e3a401b0e72a.png,7
6_870a7c096e1d37378a61960886896391.png,5
8_a4ec97ef7ba776971461163b03a80dc5.png,7
2_a73f51ddc87e232567aec3861e99b25e.png,1
3_3d8904432af0ec7351d741b313b8a48e.png,2
9_f936efd1844e31b2a54f10984fb6c507.png,8
6_657b4422786f71be07c66100665405a3.png,5
4_f8b3e8e76d6c2bc83bface4ef5f0fbf1.png,3
6_f52b8c487155bffa49ef75275f3d4be4.png,5
4_9c104314e3bf19c3c5873f3b8d8fbc78.png,3
2_394384f21feeefdc086d0362c24259ca.png,1
6_fc51fa5c3b104c6f7b08cb32602ed46b.png,5
4_e8c9b208b99c37f3037e327d05aceb72.png,3
9_a6d804654cecdac0679e313a945c3332.png,8
9_60613545d83b543c3d2bebeee45e1807.png,8
3_77854e23512f4a3cd41047a8e8167d99.png,2
2_514dd2aed48c29ca818babb9d07cfd38.png,1
1_a5842bfa04444f8dcf42a9d460b17050.png,0
8_a00a2c1f57539db9659679066306da37.png,7
5_e111072a12a4b76b8dc8738f198c1ac7.png,4
3_81fede8a41c41f8d33d1a424b056447c.png,2
7_4cc6a1cd9fb7b906403adf8ae779f74a.png,6
5_abcbfa6ff6e5ee04cbd8e4feba6072bd.png,4
3_7569cb44b3d094b140f4ba008fa75f46.png,2
2_1a9dc9bee5657f519ec58ea31efffd8f.png,1
3_7782d093896eca912e7546424e12bbc4.png,2
8_7ad2893ab13a3bd79abf60eddbbc19cd.png,7
7_7c0e200ab6c9f805520d5a888631fc8a.png,6
5_6d130f467b5aaa144d7e65be1a266076.png,4
4_18f87f24f69ef130e3e17aa8812b9d64.png,3
1_8adc348a2ca911329ad7d7f39fd97c6f.png,0
8_b90e7083008db6624d427a86585143f8.png,7
9_12d3156d0c89d2e0fc48a686466ba8dd.png,8
3_81c82306b39f252c2f0ebde6e7d6d4bf.png,2
3_756b8bb08d85c33f3db8e90d3a9bb89a.png,2
5_1dcc74ba3d101e821706eccbb2c3f7d6.png,4
9_ec8d370d1021c11fed9addc4a1c0f753.png,8
5_a7b69e191b8aa44c63c91336327585e6.png,4
4_0d9dd5f2f95c411bec4e6ea83a5baf37.png,3
2_6c7f08c8547bd522fca8c4829f20f764.png,1
2_f26c14260675bd2eedf7d4c26decd193.png,1
6_74c5f3b7ea6e8495cc178d2864ac15b7.png,5
8_4228413ed5286a357806bc7c18c6662f.png,7
7_75bebfd7630b0ac62572bbeb9309564f.png,6
3_8a275c7f75a8ecb1f332f1d57fb72728.png,2
6_5c4e67b472cc1731bfbdef5adeaff079.png,5
3_7e63da6e16d67fec4ca740e50d5b8908.png,2
3_fdb0fe2a2e8fccc25982076ebbbb107e.png,2
2_1ea6713e1467fbe9237ec7495fe9d89c.png,1
3_f632f42c0716611817c870b9095c27bc.png,2
1_0b1947127d042fbb95d677d4b4874c77.png,0
8_519efaecb74878b08970b6cfef4f48ce.png,7
3_3544eb37a19f00b9332106b95e5225ca.png,2
1_9aa1a79d30ef17eae55ed746098d1974.png,0
3_fab6d5e4a333834b7a6879adfdc83aa1.png,2
4_243340da18efacde6f8b933b965419e3.png,3
6_13d4250a67a36630569b74659c4786e1.png,5
5_7923068559f7e6556cf653cfa8b798bb.png,4
4_86f88dccd87e53a17db7554d28ce3fe9.png,3
5_cbc4dd404a1cbd7130e2450991e580be.png,4
1_b616a99a23d9c7ba0d06bbd1201cb475.png,0
7_a685a3e7f1d40a8d9ca82f6c30c1f599.png,6
7_40b305d8efcdfd118475d6276386bd5b.png,6
6_6a8e93e38a9b3b7979cb9309d251b52d.png,5
2_6fd54c0be2bf900e2075de0002c75ee0.png,1
2_7ec07299b90df358199be072bb760e11.png,1
7_744a1a2650e227f7a6fca199b057d504.png,6
9_7bd8593ab5a441a53b6fdaf1da8aa238.png,8
9_f72aef50b4c2c13d465fae226ec85747.png,8
3_335efb0ff5d964a294321f116632ddf3.png,2
9_c177ae31b047111ed6ac1076bb4470df.png,8
9_0d266d5508d28ebe70b39c1238fb3d87.png,8
5_152f94018d96d36c10b406eff36309da.png,4
2_16a62d5db9c33102a6b570f63c764e25.png,1
1_dcedef0c8397d84952aede18c1063d78.png,0
2_729307fa4279b514c182cc421b4b2375.png,1
2_448ac7de8ea25409e333db4998d43f62.png,1
7_bef1c89937d6895af5cf653bd7670deb.png,6
1_d1e05e739477742581c857ac7e685e07.png,0
7_6e2dae73e55bb5338e539d11971073a0.png,6
2_de095f58a09f976218a18fc92be4d130.png,1
5_7275c0c0b8da6b9369982906a3fd0542.png,4
8_bde2e0e3c12fc5077db6bf349a1adc50.png,7
8_d88be71b8d6a8fd0a66b741ed443ef56.png,7
4_08b2c1f8f074f63ece8c228a852381b8.png,3
1_414af46033c98656243790be9f4516a4.png,0
8_7a2a79214261fe37259d2951459d3e7b.png,7
8_168beebe4be990b1b60855f63bee4df6.png,7
7_ffc1a6a686a70e24c09460fa5b84508c.png,6
7_7b37c862f377e40104f2b24a5074bdc0.png,6
7_4c78ebd4b3c8192e641798d4cd9f2d5a.png,6
8_e9b322d3fad4f524b004a7eced19542e.png,7
2_4f1aeab83c86390d818e910278178d90.png,1
6_0d1766f9772f2844f73b8eb9abed6af5.png,5
1_bc270be20f8d7af049ea6c821f8e67a2.png,0
4_738b3aa211926dac1ed1e8242e52039e.png,3
9_c38b12043181b1ef5fb65b1db0a2dcfe.png,8
2_99742be05aa3f755835c401055251978.png,1
3_f99d92f73dbfb7c73557e53dca9aa91a.png,2
2_19fba51a7a80e4ca6af2a5b3e3774e3e.png,1
7_1dcd64224712a2d5aacb4696f90b67fd.png,6
1_6657d9de9e5d2515ba7f7883fb13b9bc.png,0
3_55033214bb38a180331e551e98e87d4f.png,2
2_1cd1138a45dab6dd94cb4f15d98b28b4.png,1
6_4f4aea3931616423227d6e2d5af50c14.png,5
5_642c5690284c71346f5a14d2da4877b3.png,4
3_c5b13f7d9c8c31ebe21a8a7ba9697bae.png,2
3_f5c1082a42e57240584da5eb06e4b1ba.png,2
9_13b9390eca061c3446e1666874607718.png,8
6_115b1e5d2c9e5e43f0c065117f140e5a.png,5
4_bf99c72321a5ad9dd250e56e75f4aa1b.png,3
8_4db424e207ecfc949b2cc2517588157c.png,7
5_d843bd46213291bbe7280c81ae6010e8.png,4
2_22cbf22c4897f3517ec00e2c26acf302.png,1
5_179e99ef3a4116273d6d4c32bdc4ea2d.png,4
1_07681907d643a4824f3056713e592d85.png,0
6_5ba275dd425c92dd928303ac8a1ee13d.png,5
4_2f4f3e399b2063d4fb8566d8002eac7d.png,3
3_35ffe57d2d85ae222855c98acfa0ae55.png,2
8_2b0fbd5041a9003eff0e6558dc9aece5.png,7
8_b869bea3a276cc3a289decaeeb4927d8.png,7
6_87e33d88a0f83bdb6357521e5fedb506.png,5
5_e67cb7e77825774ffc06af1f2cff0c0d.png,4
3_28094b0efc5856347f10e59542ac0560.png,2
2_cb420dd4325a1b0f54c113575f47ff30.png,1
4_070744181e21a0781ab0356def096b05.png,3
6_662c3b14c4012671d0efef8dccec12b2.png,5
4_278c9139763a294a5512ebd726f4c663.png,3
6_61ff17956f4883fc259a9b9886a44673.png,5
2_003399f6bb30692224c13bfd00270bb5.png,1
2_7d87f902d66926cd3eedf4e8713c6ca1.png,1
5_925db343877b23a2925f67a509621ede.png,4
3_b7a7e95f12243ab6cb03504cb350b577.png,2
4_5d94684179d683c27025026c867c295b.png,3
1_8f73575dee4fad19c37f219f98d086d1.png,0
9_e6b85c713c4fb56c91068f871dc78350.png,8
5_246b52073ce318b97e7f7464b7011118.png,4
1_beeb50e6780c76b2e4de64416a1cebd6.png,0
5_c792a0d829bf0395f109b245cf91f068.png,4
4_4ee2cc8aba78f87c8e84253aad538d12.png,3
5_c20f059ec6df8067eff55c1203857a35.png,4
1_bdb86a55deb2fb2e4cd51e00a4fcb8a8.png,0
1_d80ce76e2afe6593d7d2c3cf4a6842ed.png,0
2_5cfff81d249286e911d92818fd8b6706.png,1
3_0c512b8b4f3918cbd3acf87a3905059f.png,2
5_b17edf4e300d1bde85ec56bcaaf74a61.png,4
8_daa7c82bb3c6fddade50b6d817a7dba2.png,7
5_17e156adaf07a484d06d823c24c276c1.png,4
7_8643bf0687e1c915e4ef4f464be7bd1f.png,6
5_7915f0afa250d3c1376909723e16cea5.png,4
2_539e15f3eb73e91c96129cf91bec293f.png,1
1_a80da84563b7f65c81c9cb9f626e5e66.png,0
7_21b7d31713c3e02a4da9531e51e067a2.png,6
7_0f9361b9dffd639ee15335d7b53a5774.png,6
9_972c3a09a85fad9c9482f0c42d6e8ccc.png,8
9_584ac4516a325698d04c84c55efda2e0.png,8
3_c2a60e9964d74dfd986d3599d1904b68.png,2
8_f59e5c43ae384d27b98fe013346b8740.png,7
8_0081b9935bad9e6464dbe9a9ac6d13ee.png,7
1_222b26d605206b9e8aa1135e89a28354.png,0
1_99262a36f113283144e7311a1a6fd0ed.png,0
7_fb2013874f25cd3ae08d1ee95350ba7e.png,6
7_84ddae52f3b9fff48d94c090e09e30e5.png,6
2_4d645037cd4441c872429fe452a4db8f.png,1
6_1bfda7ebd3b705bdabbf641a71ee3736.png,5
4_14f7f29bc22ad0a1aa5602adf529c61c.png,3
3_7fe2bc28aa1ee90de9e5f31acf9cb6bf.png,2
2_bd88e6d2927a88f7957a5c71e5ad16e0.png,1
2_3383e9d6d934941196d9aeeb70fa0d4e.png,1
1_8e6cebb9c4603a632e7c979e29649720.png,0
7_ee81452a8550c23d78c6fe24a6611711.png,6
2_ebe700a6f139fda934244c7c2e1cc9dd.png,1
7_cd4925f5f332e9c181536bd80de9d9a1.png,6
3_dd81f0d88253db506ed484b918fec8ad.png,2
4_66f05d66c0128cf92e74f0cdc8b29d30.png,3
5_308de250806a79d253818cff38507dae.png,4
8_c8e77b66e605075affb34172201c2d11.png,7
5_1c8a6276473fef3074e53c9ecf384383.png,4
1_222dc18e6c2bad5eaac42ff1ac663a12.png,0
8_3298a49e036093e3e9fd00ab9b9910d8.png,7
7_bdf2cdf8028fcb86dc0d497a3d96b338.png,6
8_4d2beef366c1f5ab1d5b347f712e800c.png,7
9_b44710bd87fe8ce34f9998b3ccf0a10b.png,8
5_2aff78ed5ff42c456d0e9ab419d40421.png,4
5_167553a208f762c1f6ae75fb0b3c887c.png,4
9_86c384ce8d406a2c863172915621759a.png,8
1_756b70d414ff25e4b06101a10f1007b3.png,0
3_41d8331ed9078b070f9ee72e35d8d470.png,2
8_3a6175e4ef1d361a9fbfec93692ff393.png,7
1_70b1d5fe0640cf6a9f9132cfd075cae9.png,0
5_6ba2ef1a2c7f06717b1bff3c673e306e.png,4
1_b5ca342e7dda92d830158d94a2b034a0.png,0
4_5ac7e92cc3fa8ad281951bbe0ef29522.png,3
9_71c8d2cb7e076e3c5aec8a580c565c4e.png,8
3_5108bcbbac5d217e06a50ecf3813b67a.png,2
2_3afaaf37b0a677d99fb6b1861d609220.png,1
2_d9aec54688e1aa3ea2748a2520e38e1c.png,1
5_4d39c123abb906b26a36d7a960d8db06.png,4
5_e0db45982b3c73edb4ee13df1ade5f93.png,4
8_da6484c4798f6ca22326bd4b777fad30.png,7
2_d30d25bc86fabba9f293aab514643467.png,1
4_68ecfef995c9936a97ab225dc9dd0412.png,3
8_cf421d9bcbd35b6a478f3b95fd735fe7.png,7
5_3d30e28c309417b8cd6d798a0d449054.png,4
9_213ee18cf498e1ace90bae7c36f7a169.png,8
3_b963ba063b73fdf550ee901f62a8af97.png,2
1_03a1acf2cb49c77ee2bfbb9b93c549bc.png,0
4_778dbdf46b305b759609be5f8f82b69f.png,3
5_a6fdce14f75d4addea1705cdfe5754c5.png,4
9_d37e6931fbc2f91dd6be6593da22cdba.png,8
7_c65e14091fe6683da1163a660452fe52.png,6
1_ecd6b20e8f778ee65a02b7ba1774f671.png,0
4_00b13534336e732d3abdbb461061bdd9.png,3
3_3b4fad1c6d7b78575f50729e2b250949.png,2
7_27e50198484138ee933961d77fe2998f.png,6
6_4fb5ad1a4c219e5ddfb7b485a3e210ac.png,5
2_cf44a7eace4e62a34c463e8f5bd994b5.png,1
8_7a306763d39adc18d3170b233cfc7001.png,7
7_309ccf13c3baa11ba2ec9bd5cb9b23af.png,6
2_c1c68a603269164e09c84ef1783fe05a.png,1
4_fb5c0c2241b0bfdb38ce80482a650dc2.png,3
9_e34e640669fef99eeae7b7061c72ee6a.png,8
9_3d8a42f32a3737cd33c513dcd15c96a6.png,8
7_ee35d84e171ba355f9173f4ade0634c4.png,6
4_a9e79631d7a0fbc0e147167c0c9f88ea.png,3
6_a0cff48aab3bed1b0f1e29e248cd0307.png,5
2_a1cb05c13988c0a4045dad0e8ad97d4b.png,1
7_5abc1a5d915914b1042f796f84e7370f.png,6
5_e368e9418638be75b545c1aebe09884b.png,4
9_4b29abb2e0052ebffb497c2c1b80abd0.png,8
8_508227d133bb639465b111c8bbbc19fb.png,7
6_5896727202aa5ec2ff4ef708e8160ab7.png,5
9_be3d159f28b279f51068ad59e184e6d1.png,8
2_6ef77bb2e06dbe3d89b8fcb8ecb0dc98.png,1
1_24c0171fcbc1b17a0a70cc4ec350e339.png,0
7_ef3c38bd85ee74bdad1f55679958d2ac.png,6
6_938a6bcf31f83b31163311de7905bcff.png,5
2_c77f0da829eb9070980372bb65020d7a.png,1
6_94060989ce884fbeb9feef91996ab485.png,5
3_92ea6499e360d7f9854668bc45b90fe7.png,2
2_a7461daa85e9780eeef1c44c1ffcb840.png,1
7_6d3516f9454eec8c2a462b54da4dddb6.png,6
8_e7743247c4d725daf5aaf44b49b6c406.png,7
9_ad8838f5ae8443374e07a756490a8672.png,8
2_979ba92e0aad400cccd62f099b28d118.png,1
2_74997b1d59c871ae50e64ba4f63d45d9.png,1
6_4f9db071d1da20d6c36f817c90d24cfb.png,5
1_8ff26a9912f5489a4f510e9eb5a81a91.png,0
7_b0174e13d5da91335f74e988c956d587.png,6
4_932c1fc2d02365d118dfb45d59b55940.png,3
3_d124f0b3fbcef0e62fbf6ac49b61902c.png,2
2_044e18447feeddd66d02a3f81758060a.png,1
5_2ebee37c0c2b9166477ee2139de60104.png,4
2_0058451efeda285714aafd358d5f18a3.png,1
5_ff40a145453fdbc17a8e2a3d9bc3edbd.png,4
1_e48f38efac28da9ff4095a9fe6d404f3.png,0
1_04c0f4b34979328aa47e5fe9c05fd3a2.png,0
2_469074a965f918fb9aa210de36b6318f.png,1
4_b30145d66d0b37e7de18dc59de3facc3.png,3
6_8b9a73702c423b3f6d977b550d6c7fa9.png,5
1_f6110c8157fe5130fafedcb26b3d7a40.png,0
1_5ccefd206b8309ec057c8f8d8be10030.png,0
7_bb109dbc56bd559d9c0f14296633a5cb.png,6
1_1f8a1cd7e6d1c6d401b46d148cd08234.png,0
7_8259d2e2d188a8ff8322ae8c3e226af7.png,6
2_97f007260bbeb4d2a6f11cd55a5904e1.png,1
5_aae471015bc501b9d8ecb6804fc18003.png,4
1_ffb31275d01dd501e0569c5ddecb429c.png,0
5_bd28c05a5d86752d1a138ab41d24c7f6.png,4
8_bf6a563193a71f922a1200ab8f456c00.png,7
3_7f9295c504672643e49b6c4c56554451.png,2
6_0e1d455132beffbdbdf3ef659077ff21.png,5
9_cc05c5e899c056dcc55c655d509ff894.png,8
6_46166c441ad71c432d4404d04659139b.png,5
7_d088cd74bc7f81e7347e03f3e1d102d0.png,6
3_4a822cf9d2a6d8a89fec04695a8c5cf6.png,2
5_3d8ff832ac08a4c1ca929a3d74ee2f8b.png,4
4_cb516ca51a490b99f35172048572a106.png,3
5_9003e249b09a3eeded589c5cc3668cf0.png,4
3_2685437d020cd504556cd4654428c463.png,2
2_f42a460bcfef37c33bce416118ae12a8.png,1
1_49f4d5a0b70ed576b75bf148bf2e71ef.png,0
1_d710b8aceb38079024decdac1420ed73.png,0
6_b1e25a8404e08b101f1b4e594555871a.png,5
5_163b7933968acf2d3f15a953b1955d4f.png,4
1_906cf16a8bb596727fd428770c8129a9.png,0
3_039efdd31c7d7d3a31b64e1676399863.png,2
1_9fd43052db2c96a477ca817f140580c7.png,0
4_41267379fda0bda210e59ef7cb3838da.png,3
6_d9c66183d57bfeda92d45cab024a0fee.png,5
2_9589e3415a94bb9155e63091193cf0c7.png,1
8_6af0329eeb39a4af55690b633c5ff7c4.png,7
9_31151884290d13eede663b81c651c643.png,8
7_fcdd1976017bfcf45df92c65a6e720b8.png,6
5_72aab9df3acfa6df74534ea9c0a2fc54.png,4
4_da8f39e436c6cd676d68cef1bf9a2a94.png,3
1_f676409e63c94448a5903a80e9da114f.png,0
1_781b48900286acc86dfe0c8defb6fcec.png,0
9_d9f0a89ea24a61228bf2d44ac1177097.png,8
1_b024819ca673f98ae5b5cc9c28635aaa.png,0
1_969a38f203cc807ed17597163a656079.png,0
9_b4b0a66f758ea42db754e403896fb655.png,8
6_ec30eabcd5dafcf3cae86d35fde2de55.png,5
9_b82eb56971594cdf00c28444d25f38c7.png,8
6_54d8b06fc784ba17cb95761512b507ac.png,5
5_bbe92f86e96814cf36638c57aecc529f.png,4
5_c5c9f8914d04b39cfd707fc923e68e01.png,4
3_200265ca0dbd58201e6a954d17404359.png,2
6_30254c5537cea2a150eed56355f94610.png,5
9_a3bb669dfe7d9c5bb049156a85736e49.png,8
7_74e7f362792b7900402ecde38a33ef3c.png,6
1_fd38c0b17702e5f847031cfc1878631c.png,0
9_33dcd336d53494f3f94a60659028bd93.png,8
7_e8c894b92af6d913361ea18750bdf434.png,6
7_ddae562535af4a89381cfe53b4c24143.png,6
2_3cbced148b442c3ab43e82a90ee6f48b.png,1
2_96fe6c83d73ede84209fbff776f15f55.png,1
8_f201c1d4a8573231cc8a6c4087a50794.png,7
6_b8916b26732a5d5c798d663e8573bc3c.png,5
2_5b6f6b1cdb6fce71f88fe2e3d35ee369.png,1
6_0222013efa0716b409ce063637544d21.png,5
7_b98a090d539b418515f3d938afb19dca.png,6
2_04dba808fcb64aed4b34c37ad16438b8.png,1
5_fd6df52da0ee76fe45720a2e980223c1.png,4
4_5882f6844fbe5b03bbd7b7805aa89483.png,3
3_64913fe0e9445420ed4898bdfeff4c8b.png,2
2_36bcac507cefb74c37b25acb721b20e0.png,1
5_a9f1527c6b53b071bbe8ee26e1f147ea.png,4
5_e2b9de6d1c3dbc37e7f38ac051ed1fef.png,4
5_d711f41ad0bb65bc2dcc47a3e2740b34.png,4
2_b37c422921941e236610b86b61f4db89.png,1
6_edb831d7c482d170cf5d063705db3eed.png,5
1_e0d78023b0fb12cc8d399bd5f734b963.png,0
1_571c018f8f6ecaba2aea2e32374e32d1.png,0
2_85c5ec0b0e549a4c53e9e303031e50ce.png,1
4_407e195ef3e6f2dad79acb679c2ccc52.png,3
4_e53826b7b7e870ae82a3d6bf66b77fb0.png,3
1_d6ec11fb8c87e24c4749a6b21b13a858.png,0
1_003bceef4b244055247279f57e5fd415.png,0
9_6adc769076672887101ecfe68f2f6711.png,8
1_eac8d18574794c06cd606f88ab888d36.png,0
2_24114f59a0330783f2ee2ce5ebf3d6e0.png,1
3_00e5d3afdd0a333310b54a5022adbf14.png,2
9_84ca74052135436da9297f49630b4cec.png,8
1_9646d206b4de53a9c1ec0e0cacdc7ff8.png,0
2_d21b634759eee371f4794a60d956598a.png,1
7_393fcf8a6bf155a5df2b938c69b9ea1f.png,6
5_803dc6502be155ea1e97f1c0e9ffc334.png,4
2_699d863e5c58c57a0082f216add10377.png,1
8_b008babe97b823c92fc3cf8089a9cd84.png,7
5_db6dc453c65295e535ee5923407bdd30.png,4
9_37e0a29307fdfbac7f40ef43b74bd11f.png,8
6_e1d1317a58fb8ea860875330a6fd73ab.png,5
8_e29a32194bc5b78b37cfc7a238fc23dd.png,7
2_7c68cfa3b63d664f8287ceb866469ec7.png,1
7_dd14e67e30ee3594b3e86b37a78b989a.png,6
5_e0673509940a63de8b760b781a8eb382.png,4
4_22bd477730c85b034dbc6c40fe939be8.png,3
5_d77cffe9ee0d1174a6a2c1d55c274ed8.png,4
9_c378d34f794abe8d792a803b65c44815.png,8
5_3ad88ff8609e1394f06754036900c569.png,4
4_b9d02960dc90b23c42d59455310a9d6f.png,3
9_66ed53f6df096b42bff26b044f548f8b.png,8
5_251f755a3bd0f72b7babc667c73d9ed6.png,4
7_c2b04e8b6d23800051db99bec7c11d66.png,6
4_5e8be49dac40a21eb25c8e2aa63a0905.png,3
1_96c2ae1685f908ae7fbcda804c9d1abc.png,0
4_80c5df131696a108455b98e05262b0dc.png,3
6_c065ba3133a50361c67566f5380f4f71.png,5
4_a8230fd308ab6da8963eeea96f27b3d5.png,3
8_f322a9020d5482e1ad76267307f10f8a.png,7
3_493a4cdc68136b1415cc97b4ec9264ac.png,2
2_77a9d46eeb136b5bcdfad1986800f2bc.png,1
8_fb0a62396421545eeeb25c1d8a19329c.png,7
6_37d3e52c8714474c2eb54c5c0644f83f.png,5
9_0050782cd3e0a755dcec005daa6417ce.png,8
4_46d7a17c839023209741eedfe089ef84.png,3
7_e87d552c4fed166c38a45ee73038c017.png,6
4_32911ab44aeff6446d89eeb20581f5b9.png,3
5_6408d948c82b3ec6930eca2d8fa5b6d7.png,4
5_b039bd25f91e965ffef947eee393d71a.png,4
2_9df29717adda75a2c97c2bf4340a8f90.png,1
9_5178c9cadac50827f3affb310ce6fa84.png,8
6_46d3c8311648f78a2fd5565274a56971.png,5
1_92c619c86c5b873e33cc45f1a9f4fb66.png,0
5_5f4f53ee385c1d7b5d139a64c34f49b0.png,4
1_0cf0c6a697f7827dc0d2764a289ac177.png,0
2_b388dbf4c046f3ed1ab6b72e4ae6be89.png,1
9_eb1ea7c6129bec274950fb4548edaa55.png,8
4_b569bbdac9f2b99eea1bfd451751c6cf.png,3
3_5d390a480c2e73edd54d68eb1a03f22b.png,2
2_0d1200379c63a2c7265350a230023915.png,1
2_486fb5e51af2bca283e98360e42dbd3a.png,1
8_3ac6a43560ff8eb226234076969daacd.png,7
9_dc5b8c8dfafc8ce6402feb32d9d13684.png,8
1_19a26f93550f6780a71e9a015d98ecbf.png,0
7_0c3b16fc31bac01342fe32b397e0ec5c.png,6
5_59c0a15a4c510100005d1c01ae8ac2f1.png,4
3_02ef7f317889443e059b14627cb31544.png,2
9_3d71e5e102643fe4bb2f0302dca9a950.png,8
2_3c872fe79e5c3d1fc961674504fd159d.png,1
7_f757d363ff6445b27d6382c0376693b5.png,6
5_e9e41df896729c65f1defe166f2355a6.png,4
5_c4ed968c4411bd0ecabe9437e4312b70.png,4
9_62095f3b2fc03e181263c2b08699d153.png,8
6_fe2f2d7dfae5df2ee918756c69366f3c.png,5
2_e3c7a2e70c783723254dfc4e66e27068.png,1
5_2974f984d3679c85198aa4bfc9c4d173.png,4
7_daf586ccfc58a61ca96734fccfe52d52.png,6
7_150459368b9846c8547e6f413ee4a0aa.png,6
2_54d7ae4ed5fd1757b24b736664edd4d6.png,1
8_b8853e9a825f69fc00f31a34f44a1b28.png,7
3_4fa674e66b1ea9951c6564b329cf3396.png,2
1_a1e6606ba02dec9fa28630f568a75568.png,0
2_c919a1ecfbbea19a787aea7acfb9047d.png,1
2_d04ae9e3ea764395da63b8c79551c466.png,1
9_ac74e0dca74c0ee09797b079fa0489f5.png,8
4_d511fd420c7ceb05ce89359e0ba83cd3.png,3
1_19ac644c418521f96d3732f899a4d93d.png,0
5_c5d8433160c5326fe453200ccc09d502.png,4
6_d5c9bfe8b756c20f0c5f12e75c984bfd.png,5
5_e8be5f4789041e1cbd55e86a74c1358e.png,4
7_b98ad459bbaae790f57b91d1dce929eb.png,6
3_3f9d6be5fa0f5f2c8da6aa82f465737f.png,2
3_698b9097c599316707a9ee7c9975465f.png,2
4_23c9a231f3acd1e1b15dbb71a8512285.png,3
2_0c2ddbe52fc4706d457a8458509e53ef.png,1
7_f78157dfc70b3a4a308c676ff0a077a1.png,6
9_150e3124cea2cf6052572ca217190699.png,8
1_1c5b19fc8c627b8f6250c1cb06eb98d5.png,0
2_cc5f68faf81c6e09280ad3752b78e814.png,1
8_2c49e3c56cd40dd8d8e1abc35fc95266.png,7
2_f3f717fb1a1b06e4d700984b7394a2eb.png,1
9_32f0e63df8a61a32acb9fb217842ac2f.png,8
8_bb9f5bd3f8a3ebafced441376fd06c36.png,7
3_5646ffe90663f6f64b62dc143d40dc6f.png,2
7_910a82b3497e3de4b0b58f0a33e72490.png,6
7_8ead4d646e255beedebc3ca361993b86.png,6
8_6af6856170409838fb02bd9abb833632.png,7
1_8ea2bbdce345a36a6e77cbf362effea7.png,0
4_e7b08ad4f613eef3fa543535265d3c7d.png,3
1_328c894d70aecaddaf89405de93073ce.png,0
2_3e3ea3810386f3b3f36d37b3019699e4.png,1
1_dfc77a4959af20c48c9db14f5838c2c6.png,0
1_c5c9af181ae51219093b4b2d724f9431.png,0
1_f18c1ee53217d0c0f11463a33f2f9ba5.png,0
7_1e27c4ba9dfa42d02d7af1561ae25db4.png,6
2_5830dd226be0b43176b87dcb0b1d9e93.png,1
5_8bfb4c617939d4a1d0cb2dfeed6c2773.png,4
5_8f3525ff41ee6baea2d7f2cc1101f47d.png,4
8_deab5b231c2bd78bd511f95a9cad3528.png,7
1_5b02a13574b77a2abdc60c777f9ed7fb.png,0
1_887fa7e5c345de2e2d67c2557c0883db.png,0
5_e75c1f126bacb130accf2b1d1a6edbfa.png,4
5_23387ffe3c2c8ec0b090224ec57c3def.png,4
7_96b422d87af716800eb958edd8ecc0db.png,6
3_ac684ff6dde106f21de9126de76218e1.png,2
9_d5a09af83d0f715093c857ae19c6f64e.png,8
5_d8b27beb3a844e0d3bed9ebf5e103ec8.png,4
9_9dfb77bbf99fabcf7748beb9fd38d59a.png,8
7_bd011a711800e2ac004f486e8d2aebf0.png,6
4_682b586db8dc8f12d927d7379fee8165.png,3
3_48f89b1ca7d22184b9f2e95b556a2f1e.png,2
8_f4beee559b6a867fefe4d458ef025c3b.png,7
2_e92e6d24317ffbb1be69d9cd411761b5.png,1
3_3349c1cdf63b4c6f62e5ea49c70986db.png,2
8_b34d22664fe1257cb6adc8aab893de02.png,7
6_01d180461d2cf063fdf5e88016406226.png,5
4_03f728510c59e73784adaebde73d46d3.png,3
1_67d40675eca33a00e1f53027a8c9c7ae.png,0
7_4a4d744af380474e93a5f03cabccb684.png,6
8_2ad40e83e66e8a31d368fda045c2fca5.png,7
2_3150ccbc21902e3eeeb7c8848a2bbb1e.png,1
2_6c66250f57eb1fb6e495017c2dce7570.png,1
6_3460b4436af3bef63dc7bf497392c198.png,5
2_6966b6b001191fc81663e3c5f18173fd.png,1
9_d80505a7304d9694566f978c437b7e01.png,8
3_b57fe2e381dfa1656f89c5ee9a863d9e.png,2
8_8fc29bf4ea98d3846f0b8a0b28e53fb6.png,7
2_6f718a2871386e7c0f266dc99ff97859.png,1
1_b06a4fa6e30a32ae4c8d3d53808be6ce.png,0
5_153e14886f6857fde72bc79bb40a6f0a.png,4
7_bf1cd8686448149f85aa74e863f7f129.png,6
2_99e9cce8be398928dac81a38e8f06453.png,1
1_95a23fa746997a5fd3ef1f33ffabc028.png,0
2_08bf8aa28d73c8f341d0c34a663f2e4b.png,1
9_a37b698245e19a1a8a35f03afd4d932e.png,8
2_c97df9bf46a2942dfd71c220524d8907.png,1
3_bdf49d0065df6722042d799b4b5c6dc6.png,2
8_c6b421721d7dbb77f4cd5c7e2b24620c.png,7
5_e9ebb2a73687268f225c11a008317e3d.png,4
5_0026db7cd4817204e4534cdd558cb870.png,4
9_7573ec0e21b925777b2df1489467f839.png,8
3_292adc5de08960d36f949d8a3dca9fb1.png,2
6_45189aa4d9de081c88c1bbe39e589fdc.png,5
7_f1af950164e5c9ea94e62940ff86e900.png,6
3_f121c2b6246c78d7a76d79201e98610f.png,2
9_d9abeb4c3f5816dfb0f484f8e572ef2e.png,8
2_ebad8cd00585947de020dd3d8aff91d0.png,1
9_273ff26de9ae338247f300fd77aa8703.png,8
2_01fa3477845916de6dcf261cf4d6dcad.png,1
8_99c9cbb372e4aed76fba31df574428d3.png,7
5_178ea721cca3cb23df668b4d437dfdd8.png,4
4_f6a38dff0c46bd6ea71271716cbc2a5c.png,3
8_29ddf0ffeec004367f5c22921716b2c0.png,7
8_14f2cd69ae1f0459be64c74eb2731f5f.png,7
6_6edec20695a3c4d40108f845905ea697.png,5
5_fb77feb34625ebe74ce9c8c9d49aa911.png,4
3_ff2607975e362b3ab6730c18a7d02c17.png,2
8_b692002b6376ba09937d8c6fcd1a30d7.png,7
2_eb3d8bdf3bca452fdc92644a1f9dbb90.png,1
4_717a3d1d6828840ec5ab6e35e539d8c7.png,3
9_9b5350d250a6343de87d983aade394b7.png,8
4_a49c7155d13681f22ecf54bda36760c2.png,3
1_8f79ff8cb51ab1fce7a918782e1e3ff2.png,0
2_9e06f2dd6554040d7cf90f8c80d4075f.png,1
2_0f7c4eacac40f60f9010aed4fd397215.png,1
5_1e4f057ec0384d148d4e7cf63c117d73.png,4
3_c908e4f6ae46fbb67b74d6f398ee7dce.png,2
1_4239bbaf04a095f74ad28f35a6617b39.png,0
5_4692b613e4d7e954dc6473ecb7d85d57.png,4
2_d0d630066b19b2b2f6b2b9dd6f5d9c8a.png,1
2_9c744611218648a6c8378bbee583e9b6.png,1
2_f5388df6561c4096b7c1f634fdd06b6b.png,1
3_4caba70fd594c2ca4caf8776437b46b9.png,2
4_64bdb8aab10d8c35b0b64fabd48f5196.png,3
8_96cef68c025d784a7e455edf0fcfd4c5.png,7
1_69d16d3386cc7ea000e711dc3788806b.png,0
4_8559e1a1127e8c2317b40c90a84c2686.png,3
3_15aeabbe7d3963e715f8f8db97469246.png,2
6_0ae6dc0fbb925dcb05f1304471497fa4.png,5
8_45fa6faef54c3a1dcefcd803a9e2570d.png,7
8_2842cfb2045480547dfb73cb85859c82.png,7
9_4c3dff74ac9949d080b0a4f07f937f52.png,8
4_4024b876afdad955d4ed92cb21423190.png,3
7_3bffbc0d475f6f4a33859f6912f1e674.png,6
8_b857a761690b99eacd2de0e20572c6d6.png,7
7_d5ff0de614b1415e8a8267754b42eb86.png,6
2_4ea6886179027a3cdc22ca68d46dddda.png,1
7_3a6d2febf5b386f8045ce0e7c3d9d39d.png,6
9_fd45d223886a62a625a5fa653230d127.png,8
7_43f7213d9e304fa43744fe8b21e10bca.png,6
3_7ed850e60756b5bca6f054a9db8ce7f3.png,2
6_9714cb2be7b39ffabf33024c1cf70bfc.png,5
6_ab6ec13299c8565f77f1b0aa7604072f.png,5
3_14b2e7fa4ec3889d18b6b27c3d9dd00c.png,2
5_bf29baf4cac2eee61cf3de14253a0a16.png,4
9_21def096800c90f9977d00ec4f3ce869.png,8
1_171f4554a2107dfa058250da0d8b33e0.png,0
8_24f3e632b8155b2b6627a47b69db2a42.png,7
9_50ee68121eb58525b1b774a74f99ce7b.png,8
6_34aaf9936370393a1b967ec2ac64e89c.png,5
5_8cac2a3658c2b04d6b8790b9675ad11e.png,4
2_186f7cf132a13ee0d85f3707e7296755.png,1
2_06f61d6548bca4965a35b1b6a2c59ec2.png,1
8_0e2af61b1eb7a9db50cd3e97a3c5b873.png,7
1_c506d2f238db9c6859f76b8397cd9d2c.png,0
2_ba2f47e49c257d57c3fbb9eabb97915d.png,1
2_ca9279ac177acb10a1a773629abc232e.png,1
9_2980f7ae730f5dc5d990d8dc107fe9cc.png,8
4_1832bc2ff9c1e2b9f7fd0ce35c7931f2.png,3
9_83798c26c4e524e2ebab9c2911a1566a.png,8
9_b538a29d92440084b57688f906781362.png,8
6_2b91e103bb909842aec8f01e95530f19.png,5
7_975994eeabef46f3dad1b4ad0a226cec.png,6
4_095b2dd2c44fc340e518965c7cdbf7dc.png,3
2_01cd2cbaae75ec57a4c7b146e2a05190.png,1
1_512a322b2c6b635c93d09b87e8c26c49.png,0
3_d3247e2231ae6c66179b69488c41c64b.png,2
9_6008c31a504fb16ef81a76d44b58541f.png,8
3_0946b76b3ffed45f9bd0f3b097673fa0.png,2
8_40c98821cf4214ae91823626de509390.png,7
3_502d7cb7c822baa03cd0c65c88cb346f.png,2
9_f2d89498a52aeb6322a3c4441dd55095.png,8
3_2cddb6a7545ab532aa09b248d50ee0e0.png,2
1_ffaae2a17b32b0cb254150b118e8905d.png,0
1_c08dbf8cccb7a8c8778cdb7b626fc119.png,0
7_16fa473d1d2d20f5fedb744bc25294e1.png,6
8_c5a16b74eac25fa9175c57d456d0ed28.png,7
8_ed18a7e450ff4f3cfc262252ec94bcb1.png,7
8_99b10b36d3a1784ee173b2fddac55a7f.png,7
4_e9537e1fd4298527f22503300f688e5b.png,3
1_4a205551865a5ab9f9d5c6b20d147d10.png,0
7_fbabba6fffbb1698396c367fa57f6f30.png,6
2_e1d57d8b32ebee9854240e9777a17dc3.png,1
4_22e424b0237db7960ffccc34399caef8.png,3
8_34de1bd12b36573259ace8ffa618a94c.png,7
3_d135b9b980e6fa158d4c48ecf6faaa75.png,2
6_a61b14eeb25c14de33a5d31bb6a39d77.png,5
6_0e6328e00fd581a764797a48f181f6e5.png,5
8_4817d57c5c7e90a94930e78b0499c918.png,7
6_fc3f84b227b22f1d5573e1754d987963.png,5
5_663a885dc187f8abfc904927b7669e87.png,4
3_f9f74ad94ee9877bd8e060e3235ff5f1.png,2
8_e3e98d2cf4cecd1877b79e6e6b13272c.png,7
5_11fd501da1ea63e160db6f53f2f78cc2.png,4
2_db8e124c1b1f04df5b4fb852d625edd9.png,1
6_00784041a5a08dedf48aec126951f65a.png,5
3_6afe7b8ef8c4a4b0854bc5c500de1ecd.png,2
7_f06eb5c0a35e83a82a0c32b0e3d990db.png,6
9_e1021e5682f0fa6deb970380de9841ba.png,8
9_11cc715111e36d6f78723523250a5f3d.png,8
8_b1846ce79c139ef2b18910d9a9bde33d.png,7
9_215e42794c37ff1fcbf9cb0abacc39be.png,8
7_d1f508d49ed8658656f4458c190491be.png,6
7_726891bbda39dd77c9dd859add13824b.png,6
2_0798e85430dee885048406e122ee4cca.png,1
2_0d2e68d12522c87c012a738ffeafc4fa.png,1
6_98397cff797483e07f3b21d5d94af72e.png,5
2_c271fcac2550864c8843172c089985bf.png,1
3_c0d4a442676f722d786aacd587ec99d2.png,2
1_12a3055293e0126bd4fdad939719f7c5.png,0
3_77ac208ce07a388645e950ad69fc6a1f.png,2
5_3363e27269f79202e1c7ba7890dbdaf1.png,4
5_3ba0359b6c86d32bde8ffc256da51839.png,4
2_a6d1499bd2776711dae428bffbd5cb19.png,1
8_54a2d2c68b3c0bc23a8dba9b22fe6769.png,7
7_a152f7174673d569a2eceaf736846c61.png,6
6_b9caaba4cf5ee9e7b4a11d77c4c18b41.png,5
9_d5aae4b6415dce8c4caa8156b811cf4b.png,8
7_5b671f2a0309f03b1bd0737beca5d4c2.png,6
6_8863036846df0434c3bffa8bdc34f0b8.png,5
6_5d709061b5055eb1b90042e75699577f.png,5
7_b3f20ea51f76ba1ced9005eb67fdcfef.png,6
6_2091e3ed787f107211f2dce4b237a0d1.png,5
8_dd20ecf3f99ead2c5d3e7c2a35fcb2f8.png,7
6_b3eecf3796d2a588c895059ee7069f56.png,5
5_138c903ef229ce51648274608215cf1d.png,4
3_da68f743d81eba9e40939fd4aa5e9c78.png,2
5_df5ccff7f48da5a42ba3c8b8b4906f70.png,4
6_a80602305e81eee449a2ccb379dcf661.png,5
1_8a53787d415e2b56b36d00aa13482020.png,0
2_1a60554da6867eb693ec106be5b75db9.png,1
4_cd231c4aa1d14b0a95ea67462c65821e.png,3
2_e15a80d0c1cb683ac3549180b60af52e.png,1
1_b1835e687ab384912855c434ccdf5d40.png,0
2_9c4dfec72cdb056c050c436f217dda68.png,1
9_12e848ef2973506df93444c7c1aff9bd.png,8
8_b2bcdaae35fa1f24c4c7bfb760acb35b.png,7
1_a249f2f96d7ffcef7744cb8dfd8f844e.png,0
1_122f071e415e394107ce25931cd6caed.png,0
5_f90bc77ed3186808390d054196e93046.png,4
9_96329e5c4a3006f86a14f32fed321195.png,8
4_37672f0b6acedd9f8e631693d98dfced.png,3
9_713bd4a829ae0d4f84740250493b86e3.png,8
1_3e22bbf8ba6856c60a65e5c97c197e0f.png,0
5_8185560e4ccd663c48888fcea9130ba0.png,4
6_29768d8b2423e322a69e379326909dd2.png,5
9_ab8be6d2bea64fa3753c981d9a0fc547.png,8
1_806d6cf0092f12c78541ad7cd8365f3c.png,0
8_4b2f66aaad6730e9cd0503c701bae22d.png,7
4_d782349db99067716291e593245ff754.png,3
2_65dd9fe54c172c26a081492cb7646792.png,1
8_54a9e3d506f953a8e010f9d1d124dca2.png,7
6_0460e0c7e453e14be637847e68bdd231.png,5
4_0fb0e142e4571fd918427271afeb690d.png,3
9_20a5a521e1e6df445f8128457de2a30b.png,8
8_cbf80b9f34d29fd8d249c49f50214160.png,7
2_9ab597785a6b946213d0c624232207cd.png,1
9_d9075da0ba3452c58a8e5d2e5cba0a23.png,8
3_0e8286b184ff0f95e26fb4bf11327142.png,2
1_c0264eaa6cfb40f4c6b907b836e00bb1.png,0
2_35a9d249bf21d91c0a8da3e1f74f2593.png,1
5_94b86e34a8c3eef4e3eb511fee184a69.png,4
7_02f9d12c310b9a5b5c4f037c2dfdbdf1.png,6
7_fa69f92dbf69687b1e040e617ef56e0d.png,6
6_9c2bd49c4eab2560ccb7358036bcffa3.png,5
8_2cd8083b9b752ca9da9d50196e3b686f.png,7
7_b16e08a4284b35ea9cab983c5d29b7eb.png,6
2_77e3ed6a59a0cd97b88e81b8acecef63.png,1
9_e4963b3480999102056ddd04e8471431.png,8
2_9f48702973dc21a37a6ba7231c882f16.png,1
3_7378acd629551e87ccc8aa6cca273f3a.png,2
9_415fdef178d0d07b774e89168f090551.png,8
8_38db6dbea65b9aebd4dc033a3f757ceb.png,7
7_9c5f6edb96280a0f423e4c575a7ff73f.png,6
2_1ace6d8386171ae1c17353ed442f6b87.png,1
3_072172ee4f8d2becd10339ae7eac6225.png,2
1_2fea48124483bb8ece83bcaa67657e2e.png,0
5_344a8b82e03911ad2680b634adcc0492.png,4
8_030535f5923d1bac14109cdbe49962d7.png,7
9_398269ebc4018c4f1335a530956bbf94.png,8
1_7e7a6b7a86785b444e11876b22a8f0ad.png,0
1_2a5a1cd7df29b607d38f35f004d41649.png,0
1_7b0550322fca763ad8941d5078d2cf23.png,0
2_5e663aacbf476dbb5a6a603bedc3d3fa.png,1
7_c6c2aece28ec1ac950f03fa848630314.png,6
3_acd6e263e7a6037380d416b81d80da80.png,2
4_884c3390ec530d73dc1273cde45d3b56.png,3
9_b1e9a7155c5473a1d8098111029e83c0.png,8
6_4d45247a0451ea83e6dec39bc5b9608e.png,5
6_c27e781acddf526cda4223a033d853e2.png,5
6_56d3a7dfaace06be9b3a46c1ee2481a5.png,5
3_b2c7a3c50e221dab136372c71e083360.png,2
2_ecb5993672fc10e3c17b7768500073b0.png,1
5_f5453ad5b5f9d7a9060895e39c72d15d.png,4
1_1929a7ddfbe823a9c55af36cb56f387e.png,0
6_2c194a72c920f04d70270051b249e4fd.png,5
5_c487258377d43b5327eba718f0393650.png,4
2_e24cc0e48187e17d94deda4c0b59f2cf.png,1
5_033cb1c6d22422e75ab415e21a07391b.png,4
3_8a04b14c2e83924cab767bc23c6faed0.png,2
2_de3f1fd19a2fe061e10ea62fbfc8c67f.png,1
3_4170e8bb4ef4b407003c74a66d5523eb.png,2
9_b42563e2177eb0ac5000a012423d56b9.png,8
6_d4d6b8255d1bb0f1453fd73d29ff1d4a.png,5
6_b2fbbb170e60d254888de8f7d588b740.png,5
7_531735cdd8dd2c93b8506f9c559e51f1.png,6
1_0bd9f60a4004047430255b92377ea0b6.png,0
9_71ac683acbde46824c2c0540649f9e05.png,8
6_227f12b5362a771cc7192ba55240da2c.png,5
5_34be0d633d0796794f32c9c7070d6537.png,4
8_0fc1f7abc6c0167de4903c3b6f774c42.png,7
2_d7112be723a13454d206aa49bd48520f.png,1
1_853301e6750cdbb13f5ee62a8af1315b.png,0
7_a1a8e7c1e5797e7c9b5b95905bbd7de6.png,6
6_b1ebbe5cd33c5758876da8abbfe83f9e.png,5
9_47913db5e8145cd7849e5225a971fe92.png,8
1_dbd25271b99a367a1284d2e50c4e9aab.png,0
2_bf0c978b78259c38fae09c1e94fbf916.png,1
5_4bebebccdb8f2e3ad5e4f615a629da59.png,4
5_f5dd857b714dd6e4c80b11340b27bb0e.png,4
6_06249703e82ff486c47641a6b379bdde.png,5
9_3092abe68d6824cf032c152ee07005fd.png,8
1_577d5e9a23a9e0124f7983c4ac05598a.png,0
4_a4c93fa2e8462a780551f9ceb2677a45.png,3
7_016da975781aaad74f625d1939214342.png,6
8_decdb34476bf6b868aa719a906308c79.png,7
8_b56fab15771e75d3856a5526d7a1e733.png,7
5_d7432e8bf07884745d96db243f5903ca.png,4
3_cdb7f36b852607bf900e3af4885079bf.png,2
7_3477485b94ccdfc77b32a3a1a7d8bf56.png,6
2_a5ec4d5a55536410ea1fca1ec996af6c.png,1
3_71394e1ec1fad76996cebc0ce77575a9.png,2
1_d25f89480b63aa7f721b78b0b66a8b7e.png,0
9_d3819d2b0a6d3c289648dc1de7cfb701.png,8
3_9d96d2895d9386dcd67f5bc486bbf741.png,2
7_e2940ef8140b7f70b98ace1e531707fc.png,6
4_d9c79b8ba392fb713328d32ee9a889d5.png,3
7_78311f2ab423be52ba5762a587c1e7ec.png,6
4_186c039d42d3c18e20d0fc45ef1aa77e.png,3
4_3ad934088507bc09af74d12df58d46e1.png,3
9_9e999466985c3611779f7255d6a0c0d2.png,8
2_730d706dfdbcf9a009243ccf34097a11.png,1
2_e0041709762d829429a91dc2706ff7c3.png,1
5_35f08efbb2089bf6f4dd861e13a9dd18.png,4
9_7579e80556f6186579fb6f90915634dd.png,8
5_62d32373a2bc4286e98cd0d311192d9b.png,4
5_c1687374196ffc51c5c885fa0ba0d85d.png,4
7_63f9bdadcb5327124abedf86c998940d.png,6
9_5ef6ee25ed9e349d0689226172ed736d.png,8
5_14cee718d2ee50f2af1f3cef0dc45667.png,4
9_024627de1abb6cd91d176c4477d5a300.png,8
5_4cd00475f0759985b7ac29bbbc86c0e5.png,4
6_59925f85138f3fae1ece2dfe2f3601f9.png,5
8_db949556f869835f0ca4450c574e7a09.png,7
5_2b83c73ac5b6d92fa68d9c4871bb8301.png,4
6_b5d6cd618fd9b41a20dd2fbe05859ee8.png,5
7_4a2e2a58dd8ab31b12d550d4f196b6af.png,6
8_dc0a73e1d14731304e0aea9f32576500.png,7
8_be88168cee658efe79a00be3e8c72580.png,7
9_d90c54c03dec16222bfd57d9553711ae.png,8
8_f3664e03460098b831f13e50852a62cd.png,7
9_dd4b581583b05d0d09dc08da2af8f6b4.png,8
4_46b1cf1b19f16a2ab9525e8835aee7e2.png,3
4_7b829ebad44e72ac43f0d1ee9ab14c1d.png,3
9_68d02efde6f121f43c213c8496f561d6.png,8
5_da51e2295b1b438d0203569a4b476df8.png,4
2_b2cc4313839d7d1c71beb9739c105d0c.png,1
6_8eae404555c256a4f932cb6e5455ea25.png,5
6_1dad82b78eca6c5afd15b2a47dc177ea.png,5
7_ca5362c42d3589b33888fb80e5e66284.png,6
8_aa722126e027e8202fe8242b316379be.png,7
1_d6f8f4956e30706f9d71e1f708267b3f.png,0
5_5596bc705c407f044f5d79c8a139ae5c.png,4
1_03b98f845c40a621e4325397aef29ebf.png,0
6_d815aade680e83a9552b785d9e328fd1.png,5
9_88d8c979e229bae7b1d28e5df9f252e7.png,8
1_97c61b008d06694ba28cb9f0eba0e698.png,0
9_962e4db855333f9aa41e175c26206ec7.png,8
5_64525590d841816ded985f164ff51a31.png,4
8_d8afbfe182855b6a01a67de9152d2b3f.png,7
9_16780715d2a5ece1811e73578266dec4.png,8
4_7dee4a9834547fd8d4d3aae56457b1ab.png,3
3_8e328885101919e04d2698004160d58d.png,2
9_119fc94569465cd52f26bcb7edaeca69.png,8
7_61e7fe926a3880a5890058eec40cfc51.png,6
9_a067d7b81d51b880c4734254eb6d7ec6.png,8
9_5c46d2187796972b567115003de5442d.png,8
4_2a3da65afba99388db716fca6d787c82.png,3
6_6dbf4f22aa6e0652e66bc762cd204f88.png,5
5_53e0cf71b5b2d0b0aa442244d64e60d4.png,4
1_0ac002ce66481ace81a804eea46c306e.png,0
6_b6cd7e6aa7d1da20f137c219d35afb98.png,5
9_0bf12de79351fdb8fe3dd4f242ed36ba.png,8
1_43c13e1001239fbbc33f906641450925.png,0
1_3d644e06ad14ab841fc87dd2f1205152.png,0
8_2f233b1ef1aa671145503ada72cdcc7d.png,7
5_c05b717bdaafb26041eef85a9c093c35.png,4
3_c4e663dd47a5dfdc25ca271bf21b4ee7.png,2
3_51be6da099a53ae6160bb246e3a44fa8.png,2
7_aec08cbb91fa8ce1a255445398bc332e.png,6
6_980e79d708465dd1b390012b30c2c1f3.png,5
9_f6db285851c6f35f9397f3a004c8a265.png,8
8_d8dd305755d58d03cde04a09361b09ea.png,7
9_72a7b974405d5206f22776c394b56dad.png,8
8_fdd3251449657ab244e8dabc49cd5950.png,7
2_2526fd3d954807b984496c62d3399937.png,1
2_d1aa99af479556ac8df89609feebd394.png,1
7_4a4f9f33a11a6cadeda52374210ba405.png,6
1_dafb4b4a973a5d767cb45f127d63dc68.png,0
9_4edaa486b8f7b70d8437108d328862f3.png,8
5_6b437ede5f5ebc04e1310d267c1d4626.png,4
3_effbd496dbc51a94873d38a9d0e4780e.png,2
5_e6d54070be3b17392c642c98af07a4f6.png,4
8_31895c653c3d5df91f06fb0e74d257bd.png,7
1_3cb6523694182e5fc90edb8547bf7947.png,0
7_4a97d55be143c30fa5d40c85b1b8a64d.png,6
7_37c05130c998a390684b43f450758cd2.png,6
3_e7a5f9415ee620f5319a45fe0a3c9554.png,2
5_8883febbdcc69ecf7ec33f05c09868eb.png,4
3_c8cf7f7d7a544082f0f0ccd479a372e5.png,2
8_6815d40f891d977416172804f05140b7.png,7
1_d689b7f07a32431f0aa5011f8cf69dc7.png,0
2_d975df74e41073698104376b1d5feef1.png,1
4_5cec9a5744deda831530363efe9d97ff.png,3
8_ea119ed314b6b4fea27197ef0b1907d7.png,7
6_fd3bf3727b4af038c1aebb641bb3e7d5.png,5
6_e5c91321c11a69b05c81c125aafcdb2b.png,5
2_37bfb8725bbab3cdf5b4ebbf0c589410.png,1
6_cc8f760b1a023ffe154c1af6857cfa87.png,5
8_394ab37b11d9983134822e5f3d33fea1.png,7
5_5daac6f051787d107862d84d013383d7.png,4
1_0ac210fe3e1ea2bb86f4d9b68b822aa3.png,0
7_5ddc4c337a84ef4384501606064a3ad9.png,6
8_7f94914cba93e00ca4929556a4484aa2.png,7
4_6cfb9425810eae5c341beaa49eb782f0.png,3
8_ed12c6f624a5f594b6d3fa7e3b6afe5a.png,7
9_c75b7f7aa4ac85847ac7ea8b7c796857.png,8
3_601e7c0a66b9ecfa8263898b58fe76db.png,2
9_1521c3fc6c908a07646c695b55975994.png,8
6_c3939bca2433933fb70b1fa0e8663b9a.png,5
3_a6d81cfc5e7db461eb3828ef9d539307.png,2
4_8f53871ad86718e868d0b99ec08b988d.png,3
6_52c61e91c22632dfbb1f64e3d49fc3d5.png,5
6_c7bdea92903e799c5f4f91cc810275a0.png,5
9_769bc6922371cde54a27a9be2bc7d982.png,8
8_9b0ac28c885d0e664cca6d92fe0cab4c.png,7
4_3bae416a493966605130b78e4d2ac328.png,3
2_a3872445c297ebaf5016433abdfb8888.png,1
5_975484786ed73f3abf42ce021640490b.png,4
7_826d4e5447c2b253736378577ef2831e.png,6
8_60f06556d84f85a7fc0572c9ef78f82b.png,7
7_c57e224d572422efb4f93ee4271bd280.png,6
7_91716ede01fad02db63d19475f790bd6.png,6
3_fda71bd74f0f8bd9add6096d25760f10.png,2
6_2e69a4e3690eb697a5143efc6edf97b4.png,5
6_b61353cad068611cfb03a1bd5e7d181b.png,5
4_3639c4de221a4bec4bbc30f193a51e5c.png,3
8_3abf4b9bce65bac09ee8024d33b557e5.png,7
7_9b48dcb1cf4c91edd39aa11e31929804.png,6
9_5579e63be9629e56a79f5c1230cad9fa.png,8
7_e7966973090043ffc7482d833d0d626d.png,6
9_cdf263902d651e4458d52312623e8149.png,8
1_049e36ab12cde70eebc31d993e5b32d8.png,0
4_f15cc21f0c0997f34720e4a088ac2c7c.png,3
9_d000482e1ab669725784c6ff17cd159c.png,8
8_80b5dca5ea137c8e7e484f945d038aa7.png,7
9_5d7bf60a1ab155819b630fa176f33296.png,8
3_a9674a7830f7d05387906a54c4a7d1a2.png,2
4_4eeb2da5bbf1c954163a02348a1065da.png,3
7_a37948f59f2d2a5b1f494cf26ba4d1fe.png,6
1_fca5edf76c81acfeb9a0ec4e3e61548f.png,0
1_87a9869f58a3d8b58770ef7c03f31e5b.png,0
6_ccd40a10de512f72ff8f2c1df33820a7.png,5
6_19bad0d8bcb89bf618b86d20cfd5a3ca.png,5
8_c74f8c35472ac995b168af55300312a5.png,7
8_0ca2f4f88d34abd5e35f29ee98d943e0.png,7
5_6dd9f8e1116739e133d1b6b767680b47.png,4
2_90804b52c35b05e0dc7277614ccd1c52.png,1
4_e43cb65d57e34467e7eb75960cd5c56b.png,3
3_a3018fd9ee47684752127caf8dddc863.png,2
7_fe29433b8173f2756e4d0b1014358141.png,6
1_8d2326ec0ad127925809957968e58411.png,0
6_b59a1f29a187fc1d62bcb6bf163f64a0.png,5
1_e8b0b0a8bd35e9c7102421a2062f080d.png,0
4_60d02b769852c4847f1095148e9f68c6.png,3
3_398729b44fae712c3ed1b484aac70083.png,2
1_b7bd09b28cdedade014f3de4bb2ebc4e.png,0
7_96bb0a2d1760db8e5e3089dcb5e685f2.png,6
9_d6cc3f9dea7503cf7eb5bcf0f71d057c.png,8
8_bb120329343964552e31b2ad3e8bbed4.png,7
3_3de3a99a7099fe0328921f3a243cd7c6.png,2
2_48b5d51f0a6f433341eb989412c24ad9.png,1
8_9d20cdd4d82d0bff2a09ae52da116885.png,7
5_390543ab73a3c1bb8d71eb51cb887f2c.png,4
2_f69072e0a835a14c5421364a059def48.png,1
7_b40a62b1b2b0c341d3c4f7abd1b71250.png,6
9_43a1fcedac34d4ac58d524a4c92babc8.png,8
3_1bca9f7b7819d08807a4abfbaa9b2b8f.png,2
6_77dad381cfe650b38c4256d03a1de73e.png,5
5_ea2bee04f1f11770f9f5252abd62fd09.png,4
6_cac98f643e176bd72375aa683e0b14a2.png,5
3_0a6ee7eb13d54cb7201677fe86d1804d.png,2
9_782d005b634301e1281d09e139e7436d.png,8
2_487e063eb7404dd493b4b15890cb7cff.png,1
6_efccde6a802019c29d5ab93e093a4452.png,5
4_3ef6d46c5804d16e4d5752e97db7b295.png,3
8_a9f09f04fe5a6edd14f20c463c4ec0dc.png,7
3_e1e409925d306d8c1f9957dbb11c1512.png,2
5_6788dc4167b467c9f1c12dcc6d9965f4.png,4
8_80595dab7a11fffb505ee86ed70d3a75.png,7
5_dbcf2e2177d034d3a2d81495c4ffefd7.png,4
2_56d719fa7d4a2b5c6729629fc6e9aa4b.png,1
3_66bdb1f2fd07ddac3b23cd2f4afd0f91.png,2
6_1441828825d63199d6d445f427f9111d.png,5
3_e6e9f2852aa028ffca27cea70f5f44e2.png,2
1_8c3790b7ffa2216b24628e93b7beff3d.png,0
5_d104325faa8e7aa01c06b1134b8ce0a8.png,4
9_8fb00d9fc873240ae2f24e6d52b2f86f.png,8
7_b5cdda5548350b982c77551fddf191b1.png,6
9_2fd85a2d4a83fe767e11df3e6cfedbef.png,8
8_16e367dd62bf36626b32b7a1aaadf012.png,7
3_336c6ca19e0fd8367fa6135e79718728.png,2
7_bdd8835eaa4da0400a97b07585496e41.png,6
7_ab581218cc58ad3781d6b3427af446ce.png,6
2_b9a7f869700f6621ee7e42c47f4e0e6a.png,1
6_fa32bc82992844d601342d8afa9f86cc.png,5
2_c0615aecae8b30b6a18b6a9f3095a66c.png,1
6_d6fceb99c35544cd16dafaa461f08348.png,5
2_4333d7bd5692080fe77c41d619c71bcb.png,1
1_45c5a7d695c1a6844df8cfb44baaa325.png,0
9_4d08f5104fa83358c58aeeaafd0515ce.png,8
6_39bd6b53fa1fd64264b21ee2515b8d51.png,5
5_d545241748cdcc80c8d831b54ab026d4.png,4
2_96697778b8b946c7806474cebf47dfc6.png,1
2_3fae35bf4b1e92dd9a02a934fe9fd9ca.png,1
9_ef55a4bbbed0e1335b06e62fc1b04bfc.png,8
5_2d3099bd95b8b63162bc9b9dde69c41b.png,4
4_97baba10f650ae871cf9510fdeaa12d6.png,3
3_029f6ea881d510a1b8bac8785fa33bb1.png,2
7_1b5a85ff83fd364cd97345949791f7fb.png,6
6_c51c850e808cc01310acd548ab7644fa.png,5
5_c47fb1b5bd64a29e24b58bb8eff0a3ae.png,4
9_c8f6e2c1539265ace327c0c79439d722.png,8
9_10d44dfab6a95b3c4d819e9dbdb281b4.png,8
6_0bdee01e6ac541e59dd1289174bc0f3a.png,5
6_1558b7c22f4d9e608bcf9aee4985f11b.png,5
5_cc2422d97f4a76162084e96a144b56ff.png,4
6_fe71385cd1dce1947b8677e3a182945c.png,5
8_b6a114b8d6e25c7ce29939c5711eabfd.png,7
9_ca6edc07b1793b021147e7fb0fd271fd.png,8
1_a94d2943b721b3c7683de224249623c3.png,0
9_525c085a76d484d038a22a4e4424bc9d.png,8
5_013222e728685c63c297dffeca3c6a0c.png,4
2_99524b2db64dc27631989b24e8eeec42.png,1
2_61660c3f1a557c92272e13ddfd2ad541.png,1
2_a467f7f471d8539d85a49e01a599fc2e.png,1
1_3449cd337739cc38cb090001df33f95c.png,0
3_34d189e63c77684744d5e29e4559eaca.png,2
2_d30b2921239f355a63e76a8409cc0436.png,1
4_b8bd62858bd15f830aa487246894910d.png,3
7_4094da541e1a94a0a349ba24c2ad7a80.png,6
7_e4300c6312233ea272c9e942aae42007.png,6
6_3f139b83d8a75ac0025b720bf369acdd.png,5
9_3ad2b5da7f01e64b7f4d9f26d8755546.png,8
8_bc681587a915ecc1c577e547b7cdb0ee.png,7
7_1a16b1e437d5d2927e88ad398056bfc5.png,6
5_464f2c2a1fee340c35db32a49671d2e1.png,4
1_c565fa426377b8d21ef660b0b1c67cb3.png,0
7_ec731b913c1a457de7b5ec2ba6f0e686.png,6
7_a76095d48539092d111e5c18ca8411a3.png,6
9_6d1695c12a745498e5b4ffc0c6ffc4bf.png,8
7_29cfd85c8e0425beca1f8d0d30fa1bc9.png,6
2_3de79ebac32e27c042a0ab69d3323bb7.png,1
1_d8b0a3611f371e9940884b9e4eab3643.png,0
5_bdac770276e64ee53129585de57a1351.png,4
4_2302e6b4368ae6020dedbd832c2efaa4.png,3
4_bc15bd9501e2ea815b47d2965e69e14e.png,3
2_56b9807947e0959174185117af2994fb.png,1
9_e75ed2c08ac86fe012c89a85001c9f69.png,8
4_0ae199de59c0fd5b9cdcd2f11c2eceb9.png,3
7_f88cd131cf077405bf7458d49ada2dc3.png,6
3_46227bf90e07efe1e7749f805cb390ed.png,2
9_ca184f22c408c3a687085c1a416e8b14.png,8
2_891fa22db1e3468665cea8fbf613b592.png,1
4_34872aefa1729fbc6e91515116f2a321.png,3
4_2d62f797d8a15356f034ca0b73eb21f5.png,3
2_49bc952feab5dd1244e64204e3b01289.png,1
5_acb4a16dfbf5db726abfb9476cdb8560.png,4
3_4cda5889f8c9a77aef5eea01a9fcf5f9.png,2
3_1bfc9bf11b1df6d4bf27ef748355a9cf.png,2
8_d631dd526a5e28e746f2444da415663e.png,7
5_01d1ffff6b915b253510f612541f6283.png,4
3_630c8677c419f0223dabb74a4c6e5b67.png,2
9_1485d4dbb67ff25535f004f6fea5e897.png,8
3_c813e2c8156ae103d936364379d86a54.png,2
6_54a7d71ec400cef0816167e39fdb858c.png,5
7_dd0c02d6ee81ad4901ac35961e6b1878.png,6
4_e045ff38174de266f2f700edbd1dfad9.png,3
2_9e45332dcc4946955b0124b8a0ba8a36.png,1
6_98f49e5ddd6cba39634d3bace448f008.png,5
4_732ccbca39c3679c2655a48755efc284.png,3
4_42c9e3dba3f4aed40007cd99ff33080d.png,3
3_9d6fb0c99b67220499bfda236b924801.png,2
1_9f57f3dffad06e2aa908c524779123b0.png,0
2_6fa09e8388d6ad40ef20f38bb769a3a9.png,1
1_f8ee7d06fd35adad4971f37625b84d3f.png,0
7_eab31294885c88ece01f51142cf69c04.png,6
6_9f6ebc3ba4b36259865a0dd9f35b6e41.png,5
8_a407190d70e018a3743cb498c86373a0.png,7
9_dbbb95e32afc238674fc63e0cae8b3bf.png,8
6_87ee194def23ff95a5ec321e063ac606.png,5
9_965047a0b0aa8509831db6b402f590fe.png,8
1_497fdd0abb4bcb2adc11aeb54c2477d2.png,0
3_f3ad3a20e3b0d19f198a0aef0b703c73.png,2
1_10f717290958b849cb308b6e43a3c414.png,0
2_62ce43b3613f50d5e5bdcbdc24ba848a.png,1
2_e68f58933e7afbd25a8a0313b6954640.png,1
5_470fed9fed20b35c73e60e1b262643b4.png,4
1_91ac13bbdb2865c79ecc5f610c3584f1.png,0
8_8f6e64788c19ca20b0a2819ddc84e1bd.png,7
5_076a9726e6a697eafdfe18c1260f2d9c.png,4
4_696c804d0efbf9020b146364b88fbcf6.png,3
8_2f29d5f924d32b4a5b93cf0c116c6bf2.png,7
3_5cdf775d28df6983ac918aa88821b5d4.png,2
4_43fec506321a541c897737b21d62cbf9.png,3
8_7840c15839323760446160b649806264.png,7
2_41cf7214ca4be224c3cad60a5412d48f.png,1
3_8baa96be2f198ab1c9c155690e19573f.png,2
5_d99d50c7fc79481e42c882da01a2aea2.png,4
8_7dba660910071296ec29f3a3f139eb6f.png,7
7_7d6366bd4dd8bc69d71f6ab80e6c7eac.png,6
6_07f84b7104712882a18ac89719caf681.png,5
6_eb6d19ce7ebd619c026183272b59719e.png,5
3_4877147118c40da14ad4d503455538f2.png,2
6_5d9a4df0037331d05912d1d306299827.png,5
1_74288f89fa3efb9cc40b9f640952232c.png,0
3_f6bb0014a4bc0994429f50f6be58eb17.png,2
9_42892b582ff4f5a74f867d49de3c7a76.png,8
3_249e2c8e518c142e073b1c4ae3c4db1e.png,2
1_2db2ba11643468411e4d22d41c88c863.png,0
3_5569a90e951929e5b25bd60989242dc8.png,2
2_a95961ae366de3a5050d13878be6d8cc.png,1
4_3c3650310235575eb8b171893033ceef.png,3
5_11e13a7a86853f4171b9603973723732.png,4
9_9775bbaad192416d6da935a0362e686b.png,8
6_4655eb45c643bc8525f6c6154e282cf0.png,5
4_7cd61aa079505cc7aa454187aa1cd2ef.png,3
2_a138d8707552eac2ffc0d6be1c16ece8.png,1
6_0a8c0a4dd32564d37761ee528a98a1ad.png,5
4_be7635663639cfaa0f8081579b35be4c.png,3
1_470d81c218d153a7f71d04c24df33c11.png,0
9_120fdca74af4ff7647f2fa938bb89e98.png,8
9_a95e709bfb278e648215133c5a348705.png,8
2_22d28cf060c5c02eda3c8672ce107d0d.png,1
1_a71bf806229dbddf45ccce3dd153802c.png,0
4_4d21e23a0a1f788e4d29d7b13320ab48.png,3
3_6ed23831cffa752e58368055798e3c65.png,2
8_49cc3e8eae820dbb5e6a772778f9e363.png,7
9_ce6953bb1a6df0477ae1b1228dca3abd.png,8
3_56634835213054926254b38b1f027539.png,2
4_3806f25dfa978fb869c0dba5d893645b.png,3
3_5b8efd8acefd1d189773c02a1873cfef.png,2
8_ef02c2cdea54200a7d5114beea36ca10.png,7
4_1ba35f26e2a3b8c334745a363407481a.png,3
8_2ce0bb78516cf60692f45ca64d02f543.png,7
9_7a1718e7e2072b8e204c4ecf70706402.png,8
6_ae0f5b48cafaa42cc6309afefcd46479.png,5
5_820b4b53b4f971cd7fed3abc290bd29b.png,4
7_882b79bcb583d257f5590d1ad40159f2.png,6
2_3a4e7e610ed52a8681751d9743e33386.png,1
3_6013e818483f15ef5ef1a090bf0b88b8.png,2
3_8b94699481ba0702ccd8b6e9a0f0d401.png,2
2_6fc40b1837d62f44fbcaf365852b8897.png,1
8_b5492beafe718d46fbe46c078357ffed.png,7
9_bc8fdfef31b070f03d7dabc34fe3645e.png,8
7_385a4c196194cede8f2e65ecd0bc7df3.png,6
5_71bbb75c3d30f09829cf67f15c66aa75.png,4
9_c238593d4b55bf2ab3a70f040f2e6743.png,8
3_65c95cee255bdeb5b16a4875eaf443ce.png,2
9_7f138411333179f05ee33adf21146992.png,8
3_530e0c6d277392dd6e9c2ec5bff35dfe.png,2
2_a431c34529d0260df7fdba26ea61bb01.png,1
3_0c640977c8662f633ac716391c7693d7.png,2
2_1d05bff9fc6f80e5c8f2a7d35db09275.png,1
4_ca060e74ee724b82987ad3d750b0d57b.png,3
6_6babfc031545a844515c01f9ded97037.png,5
1_3c7d46407c95ed25a6e60ffeda579db9.png,0
8_5df855df278c659b797cac62ba56970c.png,7
6_68c4753ccc632c8b5dc94fb17144de97.png,5
9_35d8bda21e4cfce130144e7cfcdf330d.png,8
6_2f93cf2424d0533c4eb5fa8de65d637f.png,5
4_e7045a468363d42de6d8b39c872136d4.png,3
5_6b1cbd0be9be3e8d7b7fcae34109654f.png,4
1_d0c54ec95b64bfcf201fb9183e1cc0f3.png,0
9_c882c57a0d9c489b7f4d463b00b2c6e1.png,8
2_58c4ff13265e590bc47fb9025f3d3002.png,1
5_fbf7d4465cbed90ab2d7228526a17935.png,4
4_1e347b945256039ea9b8d7c41b1ccd96.png,3
6_f33ce3a1d95b3b129b7334b09315df7b.png,5
1_43dcfd076c278145d3a0e459bd62dfec.png,0
3_7c0a94f366968198943a48e242ee9f86.png,2
9_ece20c110f9a3223b319cca6bfd436cb.png,8
7_e6215fdc8c162f4468b0743e0b9bcc40.png,6
9_df01ca144cd635d7fcc22c1c3f524b3b.png,8
3_9930300f73ac51e8349bd5414e2d23a9.png,2
5_aa93e2cf9546b434d5659291262d44d3.png,4
7_19cac116031d3428db7343a674225927.png,6
5_11c2b955100c0b134df062df73da73ef.png,4
4_96b6b79df83624ea84535e0487d7a8a6.png,3
1_fdc36645410f4805dcf82c949cfe53b7.png,0
7_17293be4a5ec15b7623f5df1c78a47c4.png,6
7_31773288dcde4c9822af4d815ccf75c2.png,6
8_1b14bf837fb42f50b3ed895902f38258.png,7
8_aaa41ffeb81bb38a7ecdca4f8843fa84.png,7
8_87e5d097a218b90c5e791c3ccd49f41e.png,7
8_6e49a0adc0986e65dda4ee42fa2c270c.png,7
6_5ff60083ce1530d09fb13f292e87554c.png,5
8_300895d2e5526bf7c8978f14fb7304a7.png,7
7_57a2396d7a34a2b60ecf823869d207d0.png,6
3_0726814ad42e474450ba570d9c699dc3.png,2
9_2423be3a109634e814dc7a985e24c842.png,8
4_fe18b4018892ce2ce9b7f25c8c62dbc3.png,3
2_1d14194a6a7bcf87a8fc8da3044863e4.png,1
9_38718ee2701fd42a46237236d9d02898.png,8
7_85f6cd4382bdbe9b3a97219be653214c.png,6
2_12aba1ebc65b9d41615ac26b9d29061e.png,1
3_f007fcec102984c9fca660ec938bcced.png,2
3_50427d4e747b2e3c290734b0e1231a0f.png,2
5_db74deb90a096758a0942d465630a7e0.png,4
9_1f753db506988138dcfc65eb6018cccd.png,8
8_97b8350700a2e6f11f6276057d925423.png,7
4_713626836a75528e1b45107732a374fa.png,3
4_efe023c940edbfe5d46c6fc95405e35c.png,3
2_a3fb1ba6219ec2536950de0324c07a31.png,1
1_c3cd3097e552e8ffe311efc0b7068393.png,0
9_92c23b4f8f5de1814e42813c873b41b5.png,8
9_2acf5aa672362e74fdba1763a534f007.png,8
4_abb3f56966d7cea61cf8924c02c84001.png,3
8_23f2c0903d262946a26e8fc9eba57462.png,7
8_0388ca7144bd26571de1c98722feaefa.png,7
2_5594889669bb1b4c49abfa6bf27de7b7.png,1
5_04328ac85df5c0166065d9a06918786e.png,4
8_0bfce4ab94323df004d60ef6eb08fa29.png,7
7_ab84d63f6c6d1ea99b64fd95993d9ceb.png,6
5_11e2bd6f2d46113318a9fc1ea076cd92.png,4
7_d8e0b392b13338d4dffe4720376bb287.png,6
5_03dffb4bc49acbe717b10b02b979c357.png,4
8_2f379ffbe63fe0f3a0345e9dec261b93.png,7
4_391944b0a6a2592fbeeddcc058923856.png,3
9_63c36698a525f3fc7791dfc21f255907.png,8
4_b43f4684b13e841ea54fbbb045ed568d.png,3
5_f997ce9badd701904703444d329af947.png,4
6_e70db22eabfee2e40a05f8b8accbe0a5.png,5
4_6d26fb5fd12a35eadda5ca86e5c3a8eb.png,3
5_673e53e9a0ebf44b2a07b3c06718d0d0.png,4
9_ec2e5fd6bcbf353214616d98c311b7b0.png,8
6_9acc695c5e3e40c16675350205ea6846.png,5
1_a538d3d52a3a7695ffe529aa82d46816.png,0
2_16e982aac79be1150045bb8d498c2560.png,1
7_a0b3a1fb1a61660411e143685aa391be.png,6
2_4679391ba33fc16c489719bd11db2a44.png,1
9_a4977a004c0b7cfc5cedcf36275bc754.png,8
8_34ad5be52521d59f24ab640a61e38fed.png,7
9_30e85d0e2eb94aa0f4850d5c4711df85.png,8
8_0929eb10caa2477cd22c570cb03bb143.png,7
9_ba37502ab36c734a889af3b4ded19e32.png,8
9_19e5b528471d11dffa1c29ccae6ed665.png,8
4_5582cee8c4541038fec1674b44c2002a.png,3
2_ca9485df9d7ae8dd7b628a807933b74b.png,1
2_fe8089b000609e5778778e5dddf1d084.png,1
4_fc16f4e95713d4ee85dea30bd2f85374.png,3
3_94bdf9fa7e7d0d74ba00e62cc3fed4e2.png,2
2_cef21023c27023403f1745291796a154.png,1
1_e3c84a423ac239554ed509dae5cc85a4.png,0
7_76f0905647f23f5a41a474451b7ba7be.png,6
7_0c03162b472b8f588b819a97c373ce8e.png,6
3_849fadbdd0a1be186b605e69f5f2c866.png,2
8_65526ac514b720f13a94c73291a78a7a.png,7
4_1ba94a8ff7741dab5f0d3fd4bf2e59d3.png,3
1_6c335685636fd948e3266910ccb08a45.png,0
5_997d6d3e3f70590fbac729ab389aa78b.png,4
1_e8834e8e5832e5c222fd8e8abbb95eda.png,0
1_7bfca4774c5e069bdfebf19bdddbd9f0.png,0
6_8724a2d0694f92e93f8970194b963eb9.png,5
4_9d0db5383ef4da7d34c6bf5ee6ec1635.png,3
9_ac30b978df15912ba350dfec7e0be78e.png,8
4_087985b3bfe94a656b10ee76025bf7fe.png,3
2_153e357c376c2226a4aa6be0d5848513.png,1
2_32405e867d1724097194cf6f986ec48d.png,1
3_cb47523b78c06378a533b6f67c925fdb.png,2
5_b9f66565cca2aeba46d4d916f8eb873f.png,4
6_cfb2c72b7e9eae884cb1bfd72dd168ef.png,5
2_3cf981969b0e4bdc9c7a138d13c42a1e.png,1
1_86b33796b1e47cce70f683afbe9da328.png,0
2_be2384d7db1d5c866a41a9e9e97ba288.png,1
4_284a1e190f79b9d26c632f6fa1cfe7c4.png,3
8_6b5e2c4d015858bb71e4d27551126352.png,7
9_55a349a50540d93301321323d9dda40a.png,8
7_3fa063edb2033349128b7ee0fd9c104c.png,6
8_11491a81b6bd4b5eadded05d381f5ad1.png,7
2_21b01a9a308b60f0545366077fc393cc.png,1
8_178a2f93f11c3c1fa176efeba8202b6e.png,7
2_ca3e46f071cf364ba1af4866712845b1.png,1
5_e40eb6dd8405fde96af60bb262d917d8.png,4
7_a916e82611639bccaaf7a1e2c0020b70.png,6
6_f271cd360f334596ef415b2dc72c5272.png,5
8_6fb00cc08276f2f2e454b0c33d051a16.png,7
8_e8f37ed86ad7f5a977dc759bef425c35.png,7
2_3d4f402fb28983826fa2ee36e6b6c257.png,1
5_1d578c7a0ff56b2e00ac525495c2daff.png,4
8_cd94284018628d0ec6295b9d42b4ac99.png,7
5_77febf0d742259dd7c23fd622738f874.png,4
2_51d6782f20ee220a287571a45583e3c5.png,1
4_02d803f35030feda56beae1b60254e21.png,3
5_691a91c11c9197ec8fa83f4ab0c167df.png,4
6_82af1742ac8e5a675048a4ed3bfe4c8b.png,5
9_c841bfcd2f47194811d13054856ae570.png,8
5_769d4ac3e5bdd4eb06835cb457d19dc1.png,4
9_324cb7fa44c12a64b7b82bc63a5495ae.png,8
3_9da8ca260851fc8951f9f36cafa635df.png,2
7_9aa576302bdc93aefdd83b0532ed2cc4.png,6
3_e6da88e9d6d2e91a663923572a451045.png,2
9_a327939942505e6cbf4f12bbae5427a6.png,8
7_d3fe8d564b46099d770dc27b382e91be.png,6
3_fdd0a04655f3333435e5baf314e16a9a.png,2
3_7f9d1b4cf8ec6f7f68a588f46a80450d.png,2
1_f6f397b2d6187f94acc8762c2a72a41a.png,0
1_b745ebe6522f6723e4c8ffebd69f9a60.png,0
8_4226db6e8e119fc2ff6a32410d13def8.png,7
2_512d6f3fac3dd1452250459dbe9490f7.png,1
5_00a98565a4a87233947630927db17c28.png,4
5_83a6b8c87ea6ad60c40ba62072dc26ae.png,4
4_eaa840fcc30abfc2d1e877049d72fb63.png,3
3_cc55a82cf127fe1c79e521d1e2542b9f.png,2
6_b79fc114564445593d1041913ecd5d4b.png,5
3_969480bb158e2ba1b7be7d595ab0ccbe.png,2
4_6f363fb0037280a44bc45655431e6baf.png,3
7_8da53cb2d39bd8bd3026ae1734d99c5e.png,6
1_8879083d3067f2c82709efc4a2e79b0d.png,0
4_b83e42acadabf0baf4a4332b06fe0a68.png,3
4_248406fed945d427859a19065e8a45ce.png,3
8_d6f85d5935dacb8888c4724ae91885c5.png,7
6_0826fcb95ed5e29dd8ddffc58bc6d760.png,5
5_b504e3a8053036364275b1f8830fd439.png,4
5_e118b3a447bcd041d6a0b3f4d597b9fb.png,4
5_b9920a6e670b1c5aae8db9d3e05b11a0.png,4
5_b5ac8bb243977271d6490fa569924123.png,4
3_7deb59820e5f1ac7385721c6757c3cb8.png,2
5_b9663a709c37ffb4589eba18742726ce.png,4
3_856df9d966b209a668f6abc93586a6d0.png,2
2_64dcd0466c43158ff7548fc5317e6b59.png,1
7_a6266c9775f85cfc22f6d211daf56e57.png,6
4_1e68eade47a4546182ae34b0d87240fe.png,3
5_95b3d05c9a986d4443c6e121f0c526a7.png,4
2_9324c7b61e1477f4bc2b04882a899482.png,1
5_189f48b0bc901b5719d472cdafaf628e.png,4
3_bbb09964f1d2764ef5954423c648f38f.png,2
5_fcdbb2ef5fb6e288c8b727d2d1bffd69.png,4
1_c76aad382f626b9720e3bac2fc302b57.png,0
3_2be3acf5fea299c1298d85f0ce41a395.png,2
6_173b6afd4d5fd283867efeb194f14712.png,5
2_dc9e14e35fa655dcde96036db022382c.png,1
5_fda5beccd88624f4cef01074d713a3c9.png,4
8_cdd5bbc5fba150317798745e35ee3db3.png,7
6_a35cfe5e1ff76265ec1ceee56b044fdf.png,5
4_9d84a0e3cffa24575b7eda64799300e0.png,3
9_856d4434dfd682de130f2ada05e4cd4b.png,8
2_b65bef7055bc75802d599fa720e298c5.png,1
1_b2e14eb8750f8c88046ef02bcc47549c.png,0
1_6a66d42f5fd0deeefd2f944bc25cbc8b.png,0
8_0aadfca1333eb19efbcd862f42681643.png,7
1_90cc4a833fafae724c750576d369577e.png,0
1_0cf0b6288a44271e3b5ff0fb4eed7b92.png,0
6_c9a2ac9b8be4b9fabe86fdf73b8784b6.png,5
1_41a743fccc34b5f1334693e398a8f57f.png,0
7_6b620c6125cdf5fb358a32e1d2d0a8d0.png,6
8_27e1f33b4cf4167126aa7ce7facd5f54.png,7
5_7cb5e1aae310910764d4f0cf17d229a2.png,4
9_ef48f6bfc2017ac15d04f0dde405bc27.png,8
3_20d08ab6c973095bf9abf63215659348.png,2
5_9e6cdc5227f3cf7dee265bb3d251f6d2.png,4
2_eda9d7c2d71aa6a53b2cc6ce4bb0668f.png,1
5_71806e286409b4f017fce2ff2c54099c.png,4
9_973f6b219dc4b0b8c6bba401ccfd5919.png,8
1_ced1bb92474434effe6aba648ec18fd7.png,0
4_d3f454ea075144e737eaa6b1f5e94486.png,3
1_b6d2c3506742760b0141454bfc562520.png,0
9_9b51f03ead9cb051f71241e90d8da8d5.png,8
2_c401715701632822a96c994fabc7faa2.png,1
9_491aafb08515dde8ababf501dc20edf6.png,8
6_30a350cbb5429026719efef47ab3f916.png,5
9_54de4cf43e50c0346910effe53d0c55d.png,8
4_fa71199df068d2b6b17555c9ad934a41.png,3
5_f3e1f3e023911c63181ddef065f828cb.png,4
5_c5b1385720c0bedf4a2d27de07db6bce.png,4
2_5c812d45c5a0d28b2c438b6e1c3c2423.png,1
4_d7659a8d3828f2832d0ccca33d79474b.png,3
7_1b1045f36d9c44f3241fbb1999c08aea.png,6
7_7d72158e0ea2bebe06c3193b77ca3ba8.png,6
8_13770837934aeaab16de4e31e85cf52f.png,7
2_e686b201035fea2ba49f449588314cc2.png,1
6_73bc7b90a5abba12ee1a199554963d68.png,5
7_f3fb93369f0f7b48ed377802376c55c8.png,6
5_a376c0bbb2340902d2ac3891adbe9c1b.png,4
6_d2512e55e461844a06e5f5c4ab332396.png,5
7_0a9bc70d7e90db292fbef520e294fd90.png,6
8_4a5f3a2c2b84c3f54d61d5ac1a75b211.png,7
5_ef6a557f2070586297e2e4ab37c54ca7.png,4
2_846e76d650d9baf5c1cdd3178da77a91.png,1
2_af4b1d208c15319ff242a00551482e28.png,1
1_b6205b3eff73a85311f5c38214767a6d.png,0
3_b242adf44900946218964ebc7cc99e22.png,2
5_2090c18383c8b06c70b6813997b9e5f5.png,4
4_9c9f0e822ce16d63c245a5c3d450ab55.png,3
9_3ca1239972cd003e7ddd9f03e8cc7f3e.png,8
7_e71237fbb0f7bf2e9c63816d882f41d2.png,6
1_3075016a6161828e7fcd041ab487acd7.png,0
6_46b2ea40c0bac1e79ef315b0d217b650.png,5
5_be85e924aa0de5562d05101b7cd92b0b.png,4
6_30f5606a3a5bc649766521b2b79989a4.png,5
2_bed8824ddd3f0a19014725975b724df5.png,1
8_0647ff8403d26221aad0513a9071b5c5.png,7
7_65ee68ce8f2d0e8b4d2bda8679b96329.png,6
9_fdb169f784c8787eb864809dfcf3e3a7.png,8
5_49dd6520c22e8ebabc2793f668d50116.png,4
7_87a9d0e8fedcc69900564c8246de2285.png,6
4_4a20323aa602edbf48209dc5cfae7433.png,3
2_266d76cec92cb863cb52cb592a5a7235.png,1
2_ad0ab52e1919ef4cc92e0c9e0210e8cd.png,1
5_829008dd16e485fe4e775a2dfd6d3b8e.png,4
4_67b6690e3b8eb781de9fd1ab63fab1de.png,3
7_c2d75396c1a6a0b3a3ce825aba6c4854.png,6
2_bd5c7b838b41a354d515e4d233532a1d.png,1
5_151b810c90ff39bbc716170026f69bbc.png,4
6_fa7f20a7bc843c50ce6143e58937ccd4.png,5
4_fc3b3cc43838d773128a3d749822324f.png,3
8_5fc732be884893a2ded97079a6f70051.png,7
2_acc936ea148b912ef268b8e04ae1f5c5.png,1
5_402d19af8c4975ffefb96275aa785a6f.png,4
7_edf71b06a8cf1ecdffd41badca48f78d.png,6
7_851addd2f936181f7734b9cba58e0f92.png,6
7_f5836c9316a0930ef85f2a1c94bbe97d.png,6
1_cf83816f3a15bff091699199163e336a.png,0
2_450020866d28733b970e05bbc18c1bb2.png,1
8_a83a2080de4930baf5818ccea12a1bdb.png,7
5_58963f11f6aa50c7f6fb4c9dbef3a7c1.png,4
5_597578bf8929cbdf285588103ae59bc0.png,4
9_bd4512872d584b972a9d21f39458b352.png,8
9_aa1406e3085f97de64bb764769137a71.png,8
7_2af0c88551cdf9339ef22ee77b68a8d2.png,6
4_8ff664abf177e19c41665fd62ebf8185.png,3
5_4da04ab3cb5dd5526a21992d4e902cc5.png,4
7_adcd7a2b3340e808d01c9b4653843e33.png,6
3_c9f86637aee59b719c8e0d9a870807cb.png,2
6_bc7155f4f0a0b984fc686827d11bedb3.png,5
1_ec9f5d3fd9bef43da64b18849f659edc.png,0
2_35852e5bf96cee7bbe8cab66d6ebccc6.png,1
7_5608f2297c99c5bf7762163b17964bf5.png,6
2_a1be0846e5494e68ef4e725d4c56e161.png,1
1_b9f3944ddb494a03e0708caa4d230ae0.png,0
9_c359a3f45453a280f99b4ae440b8ad50.png,8
9_4a6ff5c156e8b63f67859910da63f407.png,8
5_f0365aeafc42b66faa8367f05bdadc8e.png,4
8_6ad5f350befd5344bb3c4d6aa6148a29.png,7
6_8f428104aba45c5c292ca1e98c7359c1.png,5
3_e84c1809cb5055bd445f593d13bd37f2.png,2
6_5941822a5b1d9df3ef59fe78845248af.png,5
7_364a99a40fa50a6d87d999fbc8601f70.png,6
1_1abf85005825ce039287c19e13508148.png,0
1_645d6e5c69cca8dd8900f447e72e1f40.png,0
1_3c71a1ea2b908580c8c82a8ebebb24eb.png,0
1_0d9c0874d45f951a43422341a7a41d76.png,0
1_c9861510504cf44a866e9760c63d5125.png,0
1_4649993c38742b4c08500c4af0bef7c9.png,0
3_9a5182b7645a863466ceff7c20eaebfa.png,2
9_0e2ae8eddd1f2f23b0203bec1e93fc87.png,8
7_a2c59e617d2f277c8498fca483c1d0e2.png,6
8_a3126ae684aebdfb651d9667a4c3a572.png,7
2_17bd49d7dbc4782c29db3c0a68fef83b.png,1
7_e0a88d9fa9cb24f44294b84ff8a06786.png,6
1_7945170951ab494ca1d5ea2b574fbfa5.png,0
6_983fe2ce6ce6f9d41f7d0437f7ef58c3.png,5
3_ac3401faaad6913d266d4a247ec544d9.png,2
3_44a0daf8371cd69d6604a7ceadb71ce9.png,2
9_5796427d6e988131ecc4488520e78b95.png,8
4_7ce4f9ffb4b41ff4d8abd6724b0061e0.png,3
3_3ace01135f840f4e81e06c897a4eb186.png,2
4_6811f57e15c3ce4a9f9c28a21ff1c489.png,3
2_5167dca4d0301c288a3f94ae32ef1838.png,1
2_191a5a16df3f3cd646d459875d7b7a5e.png,1
7_53ab288b65ade7ee980b7dcb52853806.png,6
1_0c0452702396d56dd588a44d10bf8833.png,0
8_d13a71d616d2b4a0520575ef2ed09b52.png,7
1_e2433808035fe24a523506cb76de7db3.png,0
6_7271dae46fef3c7d3699fb77bb0ba88b.png,5
3_adc24d9c2099d74d774d8fd8e7894402.png,2
9_5decc9eea554acaadb43ee8a2caacb07.png,8
2_ee94c3453be697f07df80ab671485d2d.png,1
1_03a3c49f8f748c4b1682f3905a524419.png,0
6_483cd1dd6d56e66c94405b9dd0538ea8.png,5
3_b912a9dd58dcc5c8964ceae000d91315.png,2
4_b653abd49e4b709e148096c88d6614be.png,3
6_26e636e54b0507760170229c7f9c425e.png,5
8_bcf02d492d74c2f4d83ccdce4de50495.png,7
2_fe09e0ff74f5fd96391eaecc0486c0d1.png,1
8_84c5af20521181225089487f730b4769.png,7
3_22fcd168963f48d3e61b1831f1a9cb05.png,2
3_cd0d280cdf75e69910511e59d55717bc.png,2
9_abd0faf2a0fc575d4161e11a3680c9d6.png,8
3_7b4b748f8b04aad4bee02f5181853726.png,2
8_b8422c02bce485908b3d9bf3eb0e846a.png,7
1_82d50d54b49e6d3d1b1be279f58b9bf1.png,0
3_2307f0a664e77608ed3aa9b17f13ba99.png,2
2_accf4d52e505975596e50f5e92704597.png,1
4_b98c162de44ba8fc4b2393362eed5a5d.png,3
2_fc74f23d0d93f0791da2fcbefaf05e9b.png,1
6_5adfd113ac226dcda6ff9fbfdf500c02.png,5
5_862a1eb6029c8fe3bc10eced4bd20516.png,4
2_e9bfb22c22f1a57f38f9bf35ed7cd51f.png,1
5_39ab9cc02329f9ddb0b1cddb224f7532.png,4
3_b080419d063c02c66064c9c0d12c1202.png,2
6_fd58c075bbeee6f418416c2da62ef103.png,5
5_960a0145406ca0991c09a03cf84ca03a.png,4
9_e5b0b87c658adae7388a5f84dc82bde4.png,8
9_1d94f0fc6684f214430062ea42060030.png,8
1_848e3bc91cfcbe4e80152801d36e998a.png,0
7_85538c0144af2d355a2ce20a31bcf900.png,6
6_33643cee5ea5689cc2ea1c1dcd7fd90d.png,5
9_5cca43e7fd457474c9b9d89d5ecb4a44.png,8
2_4ee7f98ba2ecc44876f6b1aa6933aa11.png,1
4_aa165f41089982390d90b6ce7fce6e1b.png,3
8_0530c76567e9eac981daf81e5850d51e.png,7
8_22ae487b39364faeabf2c41ccd41e7b8.png,7
8_d6523e2572a7d2204d3180565e2b4a69.png,7
7_9097101b7ae0ce62134bf45a7b9bb6d3.png,6
7_4a2367cc84eb02e1cc4c486f0d38b320.png,6
3_aa820a36b18d0b736443bf45de516928.png,2
9_c03a3452a82e9b062632b5dabdaf6b10.png,8
1_55b1a96c1911e304510c6ab8e740e457.png,0
2_7feb58489c607ffdc3dbf6bdb96ad8f0.png,1
5_db6462ed873551542dacfe65612a219a.png,4
9_1c859103b3b9bdc280a561ed942e4925.png,8
3_43b8733f16730d874ab8030e32e19df9.png,2
2_8d53a92e99c394068e920292c8483cd3.png,1
2_8849ff73967da0fb29ac7f9b4d3dd4e7.png,1
6_6558f440d841e60ae9c76a5581b91723.png,5
6_12cf2459f1d5bf66e1c95cf8264cf67b.png,5
4_815ae15893756f5bd37eef6d251ac437.png,3
8_8a59ed984ba9f2be731d4da22899394e.png,7
6_01ef694f6a905a5b86bbaa42d7ec5cea.png,5
8_ba7796409d480107a8f27858bed51c4c.png,7
6_4bbffca60072256bd57162f4c3a7bde3.png,5
6_9f6e72dbda7ef1e1c10ae5a3f28ed4aa.png,5
7_3a1142d0d8a32775381cc4758e7819e3.png,6
6_0ac65c957136149bc825b5738cc3eae7.png,5
6_6871d03cf75b1cca63bc93856f57ebbb.png,5
9_152924a9d96a666a2df8f7bcbafccc36.png,8
4_c1b85565edc421148598f91a9c82c65b.png,3
1_953db6d77371b62b85400dc8a0b94e7c.png,0
6_ffa371a4f3694fb825077280eee5f5e7.png,5
8_738653685068c90911acc8dc301ce15f.png,7
2_fc9186570dc6b41fe46522b8b8318ad1.png,1
7_5804d55f8c4017db4346baba37f9eadd.png,6
9_90c4a6aac24caddafb2896beff05b7c3.png,8
1_0035e5b9946c303bce5a3a26ce44f499.png,0
3_10daeb21f441c2aa52967dbf74ef4e41.png,2
3_113cf0c5a9a02734b8adfb840fd849a3.png,2
4_815d373ed1efc36d851f030751d60ff1.png,3
4_005bc2818f87b51d8f2c75c5db4f55aa.png,3
8_8fd7b0613c56a885361e3d087fe8be14.png,7
3_24bb1ca12d0675d8c8034de515d873ad.png,2
3_fec02c67acd9871122520f62fc7ae48e.png,2
4_ff802a3540c21621ce899da639169d6b.png,3
3_46df60722a99a77f2b733250c72b21ad.png,2
3_02c7ec093e823eb3c5ee427cf4993941.png,2
1_f6f95606de967a8ea5e336dacdf72ea2.png,0
3_0c85a05a2ea3fc62ba1c470e53b4ed32.png,2
6_1184392509e17e4336e803775ffa9f0f.png,5
3_dbc19f3c8ab012c689d4aaa6a82f8eb8.png,2
1_6968ad6c63ec17ecc865b66a074c67af.png,0
1_bd54c7aca539b9e7e90668366c89ab26.png,0
7_8138173aec4cda93d896b79e8318d986.png,6
2_e6f104bdacbecb96e5adac39e9615c0b.png,1
8_ffb7b77d2857bfedb2ecbb47e13066ad.png,7
7_86c89b4b8f09bbc6df0f6af00b0de014.png,6
5_ea47755d13734099fc74f1bd405294b2.png,4
6_fe1a5d8b16fa4d362f56365f6536f6cc.png,5
2_d73c1575913c86c1c21f563be29f4373.png,1
2_b0f777a6a963fb6751507dcb4ecf99e1.png,1
4_a9c1360d327db3936e826b404b18a570.png,3
1_0c54012c6163bc96c6e2ffd4d57acbf0.png,0
2_95f16debc36a6d1304478420dd6a8c2d.png,1
4_002976c71f866afbc8a11085c2cd0509.png,3
2_f44974a437fb89b3f409cb6f574c1ecb.png,1
6_fd61f28bc4b68607327072709d5bfcee.png,5
9_dbaf88bbc8f84c0f987552159a80946c.png,8
8_6cbcc1f3643b59f36f0c5bd262a436d4.png,7
4_bac8de74e7d4ade9612ce4ef94940d61.png,3
1_61e766afbf2f455106b722c7e0edb002.png,0
5_05fab2f3eea72778716dfcbf366289b8.png,4
4_fa3becf63cee722b072d269d11a5c86f.png,3
7_2b3f2205412fbd741be40e7789bf4ea0.png,6
6_8d5c3aa784e1fa97435310aebba884fb.png,5
7_8f766750617cd13824bd6a657b6cc371.png,6
7_da728b0a825fa992ba580847ba53bed0.png,6
5_ecb6406f5e6235ec5aece87e554ef102.png,4
1_588168cc46a45ba358ec1089a040888d.png,0
9_c7056a0a8be33db70d09c2d3ff1fb883.png,8
5_4d35328b1fa32db783d33dc5b28e85d4.png,4
8_240ceffc31aff9d4f309a153fd737c77.png,7
7_241e0b195d5602d8fe1dc226f4ff7f32.png,6
3_b123ec8e755701c0a7456ef7ed08ccf2.png,2
1_7d79fbfd26d9e1b5ae2367dc79845bd1.png,0
9_7d4ad0c4f64d8771b5eb701389b69efb.png,8
4_32416efc8fa611ae08f9b53f3076f5e6.png,3
8_aec7db9e39ffb8e5bd8ee048867f6312.png,7
9_7ee0f2b77d3a5a3e59793f29d35d7eda.png,8
9_ed9489494e62525a314f864ab5f295f1.png,8
5_972c00a5033322b86e66b110e4d35ab6.png,4
2_0b99e0d1862c458e9d2b1ec509e1fd8d.png,1
1_f0077ee0a432652be53424ea09238694.png,0
8_51c0b08811d167388b398df09b8628c3.png,7
7_cefd01f32f653634284c2cc37e42891d.png,6
3_8995d1605a1266e82413967b063d0e4c.png,2
6_2856d26cce78d0830e9ca3513a2a3d3c.png,5
4_949701a3010ae1e42669493490ffc6d9.png,3
8_942c3e18cc5bcfd9ecb2b622dab07743.png,7
6_116bfcbc47f4597ed06cd1e0b5dee7d2.png,5
2_1407fee7ec0ca16ccdc6ca65dc7fad97.png,1
7_cc1d689c1c73843481b18112552d0668.png,6
5_861942ab7056e2deb3dd4ad8acd4b92a.png,4
6_dd1776e1c0a278113a3fe24cac66199f.png,5
6_faece5f7a237033212081d6bd97b3de3.png,5
6_9206c8de02592746ec7f2eab279ff473.png,5
4_de8f628b5ddc912ff93cb782777a9e9d.png,3
4_5b4348786dbb982c5f331c14401d9e7c.png,3
1_7ce1574f0435689af442927d9435e536.png,0
1_96a1e5141237c45c45cff314d183f22b.png,0
4_8703fd0b4cfff0565d764b5e146204ba.png,3
2_84c6de572da9e2d5846f5cc8c63e8336.png,1
7_20902e2f14063e4cfacc38f8ae04c9e9.png,6
8_61ecd130e6b0424dd43e5c0fc84727b5.png,7
2_d905b2df05b553d977cd432a9fa801ef.png,1
6_5ba1e7466e74de86648b53fb168abf67.png,5
5_f21f606697789eaf2d925b407db43275.png,4
3_7fb06b99d7083a2d89a38f4a5761649a.png,2
1_225e1b30f6586b649a0c10de2ee9b919.png,0
2_a7a8bbb2c9643dff12c0a7487f70d9bd.png,1
3_d420d5303806999f0dc9ada0d06787df.png,2
9_41e461af01517f6cc685424942276a1d.png,8
3_bc175c0386d4e2aa1a1147216d03afff.png,2
4_bcc5acbd49cbc0a2c5dc91d8e7f6f8f3.png,3
8_c53108dd99b60eaef63d505c2d18220c.png,7
3_b9ebdc86115590941e7e871ed1b3c35f.png,2
2_f9a9378cb931af6e32a204d4ac4d9e0d.png,1
2_676094a5b8f3c160279d10ab9cba6b64.png,1
2_367e8812171bff615b27ac9f785d3493.png,1
8_b2556acf10ff8b3d95eb9a70240b3db7.png,7
8_e89c6a3bf5b3518f045814e6f1d1ba1c.png,7
1_5c4d31199a558e7e414060ff8121e787.png,0
7_b661178b7d3ada81a9ffc31bf36a4a69.png,6
1_e5b7715425cf0a0bb92078069676f139.png,0
7_c4b0bc0d66bce23f0e21f53dba51649a.png,6
5_c064eb9e4e6f9ce17c2603f9f3f1d27c.png,4
4_16065b61af1648499a2cc7137131f9b4.png,3
8_760e0b5a044bc61243aafae51a1c653c.png,7
4_ddc6d8f9078b9007a7a25c08d22d3c7c.png,3
4_279bd2cd3a08ea72ac5bccc55cde5f85.png,3
2_1a48360986ec951635b46f8cd76a3f5f.png,1
4_f8a1b514be4f4b9b93b616f84d7b1000.png,3
8_f7bb0518b8ec4499f07e54bea093117e.png,7
4_dae615dd2527e2a90bd53a5643633369.png,3
7_01eebe07f7ab38ec46cd1eb005d2abeb.png,6
4_82fe8e629cb2fe8c5280b79ad212c982.png,3
4_9a9b7f126eda31849b5bd15c24215f98.png,3
1_1a1a7e5255426a8157f50f444b7f6c61.png,0
2_74982ba9ad87d1c66f1657dd6a9103a0.png,1
9_d32a0966838edc7350a71f8b22bfca68.png,8
7_e7d422ed28ea568d041f38b8d258fcc3.png,6
3_5008ea15ccc5814807afec3c2cbba42f.png,2
7_7011e95bea400a061ef5adcf760d1abb.png,6
5_e989fc031210a0526b6333c550714341.png,4
9_50a16c934f309d3ec0d1693768fe2362.png,8
5_9fb422449e1c59c685a04c9a2fd12dff.png,4
3_2ce9702b9d43dcdd14aa2e4c591b8fc1.png,2
2_3422d99297b02b4608b00962e77e6bd9.png,1
9_3133b0931fe6ad6caf0ac5775c9a8ad6.png,8
9_1ac9b196876a220d0d2031663c598a24.png,8
4_4ef7a50008ead0d7c3c728e7a1e38320.png,3
2_c788c56463c70f29a915fc3a6e2ea873.png,1
6_5200395023340c859549cb4021592fd9.png,5
5_651618855c9b858656585c1953e685c9.png,4
7_a578197b3f24a6f33ad0f2cced5113b6.png,6
5_469c7fc6e13f80c494b55fa0697f5aa0.png,4
8_a0ba5eb4c2f440ba7e913d36a0e14061.png,7
8_d49a045dc6a309915ad9cdb55aff227f.png,7
2_eb20f96e17849f35ed01f5f16a184069.png,1
9_a8b0fd1b0a82e298f7d75021809c8e56.png,8
8_6b0805da37294c60f60051f11d5d6fb5.png,7
8_a75af3aa2cbf9340414089b4b1d28664.png,7
6_54bc10092aad8d402b68ec03d0a48796.png,5
5_2670e80d6ded0f43335c275a2f5fc110.png,4
8_e7b544fad6827e5712c593a112b7a365.png,7
1_ec85f9623dc2f031a7e77bfce11b690e.png,0
9_fc49af71c5ad401c79889c2a21c5b842.png,8
2_4d6f4fe5d59e1e8a3d171f99e91d797f.png,1
7_2d00bcee3a16339bdde0b81d368bc53a.png,6
2_ce3d30f158d4eaa276276600172f2036.png,1
1_13cc03e09ec7438722704e095f03006c.png,0
6_99474509b4bf6251a29df6d65dd048df.png,5
6_9379e8861085b582a23f890e4d7992f6.png,5
8_92479433f52a0c8b6b078a610853b786.png,7
8_dbd9bcd97bcec378a629c9a3e7595908.png,7
6_21c2aaca5705524c2080c337ba360568.png,5
6_f39b4e6306c9c537d13dad524f56d757.png,5
9_469901a6e8e68c59feb79ec956f6d356.png,8
8_48a8e4b7c4dd7c082e5748b558b17265.png,7
5_90c00aed768262e12d5e552094d8236f.png,4
7_cdba12f972931f8a31e89d7063c29dd4.png,6
1_86234ce63d5aa36925bc5664cb868e83.png,0
4_8a715b2d208fe5cf022a5da9d88212d0.png,3
8_2a2181c445c27ac79dc2b7a26a3b30c1.png,7
7_d00543d16e48325b1a32a63a9350c986.png,6
6_24d7de72db93ac2b223554fc4217d9b9.png,5
3_2f4aeeb616388c963b17f705305a4cd5.png,2
4_09250e6e61039fdade689d2a615b912f.png,3
1_9089fbb5e1c8f26c976c0f5f39fb312c.png,0
2_16e29ad9eb0296dec84c90ac9993e5df.png,1
4_b0e1753a9111f6a01dc0cc1baaa0b463.png,3
1_7e87d27db76beb2de3df2f65dcc58078.png,0
1_34e90e177d5855bf2a024fe2d706fe71.png,0
3_05176cc598c971e3014f29879971dc87.png,2
3_be679e69cf09fd206f01e4f251b386bd.png,2
6_e838bc14f64ce7ca7bccf0a06dcf830e.png,5
1_47f8126c6ba14505c515f3820c5e4ee6.png,0
4_d841cbdae5904701358af880d7e4432d.png,3
9_13ebf1b06b710963ab57bfefda2e42db.png,8
5_04daa8332d7e38d1a6755f5bf7710aa4.png,4
7_192cdb415119862b5bd00c76b0c5da40.png,6
9_94ce9ba632a25d19b12b6e71e7f6f25e.png,8
1_a051f4c39875a692ea1f36c70fe62adf.png,0
6_4df0465d8552fd5fc27bac4b77e7ccc2.png,5
1_64f6c30b22db032c769c8aad46bccac1.png,0
4_ccea88cedb56903a201c757b017e5c6c.png,3
5_b6c4c7d0310c5178d67f4bb1dd3b520f.png,4
6_8ec2756922c48c4b0441c4ebd5c1cdef.png,5
3_b952da42ac7710db8c8c2024cdc13e66.png,2
2_53925e728a83fc6f36e1c962904ec1ca.png,1
6_3cfc7124c8d32b38d906efa7de0ff517.png,5
9_2b1a360fa4acbe88c48e7a7764a78d67.png,8
7_575ee66aeec74de55498da7ec9ae018f.png,6
9_5c0ca7cd7a181a789638270602442a1f.png,8
3_5a7663ed6db318c6a6a17c54da0ccfab.png,2
6_88013e57d52b7b6bbad19b6b9190c423.png,5
9_a005e01dd6f946295e869fa871a096a1.png,8
2_ed7fc2ce07b22075525ea54478fc2fad.png,1
1_9020df05de4574a51bfbea1b9944d4aa.png,0
3_4e6f277dd762dbf35dcaa47623777550.png,2
7_951d84a8b6f148a178575f08f954a101.png,6
9_bb188504fcb044442179a3e766ef0117.png,8
5_5ed6baef4c4cf6146cc7a7a3fa6c5e2e.png,4
4_11a4eec36736db6ac806809b644db0a6.png,3
1_43803b210176f8284040065bea7705b4.png,0
3_34347dc04921d67ae8fc8bbc23f322d1.png,2
9_d7dc78bb14fbb231bea3175a36f8f4aa.png,8
2_3ea64ad9b5bb86c7dd4d993c8e7fb8cd.png,1
5_d1d7785b282bc5d4559b5276314c3f1f.png,4
7_12240057db1e89c8d03094d9a9631b23.png,6
4_41645177d875a612d97d54a8a614494a.png,3
3_cf312d657ff42c002f200eb8e225c643.png,2
5_eb950ba3f1659c4bcaad05d8d9469447.png,4
6_8bf5bfb858785a01a6a454224ffe41f3.png,5
2_bb69c3cbbb6fcadbaf29e35aa976c4d1.png,1
8_4e42de7b46ab801d2cd96dbed0353c4e.png,7
5_9200d11de1070525f8aae54a22e81aeb.png,4
1_0953701fb220832f2904e5b4ae353a73.png,0
6_f186d60de9895c70b3280e0116e789fb.png,5
1_1a82049a6bfcf08dd49d7fa108226f8a.png,0
5_0182122040906840026f6b452d8c8e43.png,4
1_e51c3b1f0a565da53ec248b6ea6a8e23.png,0
6_df356e00457d1fe0fbc468c6a8523297.png,5
5_7cb03ab7bd6f8ff772b47c1ecd1bb978.png,4
6_3e91f53b446c2b5226516baed7bdc3c9.png,5
9_c3f673d88fc28a9d0c0d468084b4a3eb.png,8
3_ec611e79554b9ddc32b2844a1191e060.png,2
2_3945f47366b5b6a1d3e80214978b5ef5.png,1
8_8500079ad8db87a42151c91b58914473.png,7
5_45165f7111fc1eefbc6879047d20556f.png,4
8_8772d569aafd9a23bb242a9ae7750e14.png,7
1_403383c9a4b633126d961bd94f6f02cf.png,0
5_ac385cf6fbb27243fc3f78a327314061.png,4
1_78731f806d0a6f97d8a2ba8608976434.png,0
6_fd34ff649dc4e15ccbe90cde7955eee9.png,5
2_34a187171ebfe6435605032ccd89c949.png,1
6_2dc2f02c2a27a79c9b4b54059a57f710.png,5
1_b265d866dde66f4e3b9d0d273b0bd22d.png,0
3_ab7686e128cf094c661f22a7acc95dcb.png,2
5_b7c2a347df113b234e5e0d28b729004f.png,4
6_704cfd6202d6d1dd833399ccfd4065e3.png,5
6_8bc05ee8f0a41c3dedd162706d0750f8.png,5
9_761c1669e2d01ed276aa4445d5b8ee96.png,8
5_a9d809e90bef6d129b1c9e5a466c5ac3.png,4
6_fb119a4bd9bc1ee918e45cdbec650285.png,5
5_2e4fc01bbf747b325620660be6792edd.png,4
6_a1e86c821fa5e834c6635e99157962cd.png,5
8_d79e851b701c3121c169d0ddd04dd15b.png,7
4_978b27ae1b7cc0e65cecb283eeefff34.png,3
5_30a8c9ecc0756602fea32be6c6882d23.png,4
1_f5b85386439a8294a727731e0eebbee2.png,0
3_a6273da30252098fe995f0aa3eadcc3a.png,2
4_283b4bb273e92d7e18545b392ab2f5ca.png,3
7_3245addc7d04ec8ee0a444d7e24e530f.png,6
7_7b72c312494ad3c88fadab9852525e2c.png,6
6_7affb3c0f64b903f25dccf0b14543048.png,5
7_e848295fd6055d5a772aff82e16a80d7.png,6
7_6c5d2c0d3eca5f8193a286b8feeec478.png,6
3_ef865c40aed69034db3251434d7c6513.png,2
2_b4a34afeef23ffd2f55d9840046c1052.png,1
5_16ed18ea7014a1cf57c34028e86e823c.png,4
5_11e08c0c5dfac036726cc6860b85e2f7.png,4
3_13bcaa432fb3536c536a55260f9aea9a.png,2
7_8a44e07745efe33c01bf3f006cda76d9.png,6
8_5532b3ed29e8e5d0bf5c7c1e09d53814.png,7
3_b9442ad7105f8050d865edcb96488ee4.png,2
5_e1867da8f56169ffaabdec0459562ed2.png,4
5_8372a1c68281686c1957ef059fd8836a.png,4
1_c9cfd1b7c42cdad55d2b52a9f3061f7e.png,0
1_afa72baac441d1fa1ae522860fd18730.png,0
7_0b645d8ffc47dc7777ec824e8f2208c0.png,6
1_f1f3aa937f33c7d7d2db263adaf184ed.png,0
9_f57570fde01bf68de74e4ba993d64d8a.png,8
6_3cb4e1c2ca1dbceb317f46a226f503a5.png,5
9_9c17939de7c23acb1a296bde9565eadd.png,8
7_aa8ef65431da2bbb351a5f8b2169f6fa.png,6
2_a8b43a67f7c5204c64a314a1d6582797.png,1
8_aa0b597c1e98f6a3c49bf81a16806a49.png,7
2_b53e4b6731c25f1a8cc0cf9c15f5d124.png,1
3_dd28d59831cbcd10a5955d906515bf1b.png,2
3_5698bc882ae0ef6bf1379eeb1d861b2c.png,2
9_4a59676a050acd7a8584a0810169f901.png,8
2_28f28920bcc67890c3447ba2e27bc95e.png,1
7_d428a999bd29aa76ec7544cd4c83fd60.png,6
1_aaf43685e097a0d7bbb689ebe9c37d0a.png,0
6_81c07452f89841b87d10febe21c0818f.png,5
2_5217c1f38626b13c3ce77a37c30a6bb8.png,1
7_6a0296abb18ab7ff93bc56afa9948934.png,6
5_39e0812e3f1e95bc73acfeb1b60e3edc.png,4
5_032d3c8f89990163b2309591e636e920.png,4
8_c15a45bb96b0bc9c80660caa7f0c4115.png,7
7_d4b0e6a64824c26b58268d1634fe0727.png,6
2_d929db8e68aeb76c3daf98aba1823f0c.png,1
1_af973938b7b5d1a43f8166d5096ec39d.png,0
4_e172687c980536d50d70a16f7202faef.png,3
8_abf7d392c68485060bf6d0a5d03a0a22.png,7
3_b3a6166ff9fd5587384fa58f54ea51ff.png,2
6_2ecbff86e5300f11dd322f19568d8ccc.png,5
9_73fd064da697e9022421375d56f61198.png,8
4_41a830af0cd5bbb14af81b1c624c4438.png,3
6_56ef1ccbfed9835d0ac3866b73342b44.png,5
5_83e5a03db9a9bf1fc0c166a7949ed0df.png,4
5_da04280d85eb34ec8e96b92e890f3737.png,4
4_d51f43ead3bfba925abfe1cf19221935.png,3
2_a5d643ae2d83200212048d4ece6c309b.png,1
3_870cfee69e4efdf36f9a970da1fa4e79.png,2
1_eda55b18986275e0976545cc23fd62ea.png,0
4_18e8423293ee36a714c77093d7a36ba3.png,3
5_e93b2c0c8ac02db186973ba0c159cf29.png,4
7_6725e6c91a44c42b13edd5d71d8430ef.png,6
2_87327aba83961a85b857d76f2229c4cb.png,1
5_3b946eb71123a10edc40f2fa43ee2bcd.png,4
1_4c58c07a7e4f4b421f50192f5b35138e.png,0
6_17bd8fb23049f9cf0439fb0ff91f6b64.png,5
3_15cb2f15520852c18b5b56206d4c2799.png,2
2_c499a5a00e3b0efb46e8dc933be1bd3f.png,1
2_39095f3110b9a6260abf28e5976e41d8.png,1
4_ef89d03b8b69330e7e9c5783d13579f2.png,3
2_c82770b193517b2c40b3e36c1db20595.png,1
1_a714d3947aaf054a4889072f60004418.png,0
3_45daa67c6bde77bef74521157ef73bb2.png,2
5_565001ed927c43d326b7609a88b4c119.png,4
8_e1a969217f5409b8b189c7c443e576b9.png,7
5_734ef0f82449fca258d50f7c3f1058a5.png,4
1_dca2dd77b891025ba864bf7c33a19b8b.png,0
3_f54331facf384f2ad18eb06239615795.png,2
7_8eeb11c57efbb9ee703b8f18ce99c513.png,6
5_7912791c3618a40d59d75f3fae8e8499.png,4
4_111c271cd0f84fcaadd19d6fb77df366.png,3
5_5a8cb2b9f3f6504250a35df557feac3f.png,4
2_9bd8c081c4075d4ed20249da07564d1a.png,1
1_9c6a5a6875b8c86e1179a41b4063f1ff.png,0
9_a3e205576cb0c064206bb371452628e1.png,8
7_9bf1acb5d9df7a5bb988c3f4b3b2a7f0.png,6
8_ea8beb798b22b74cfe724d28c3b300ca.png,7
5_da25bad4b0fe89b1b0c18c72efc0983f.png,4
3_862dc29d8f42a834a7bf71b5aea38499.png,2
9_cff012b9afac137c8943361b6297a639.png,8
5_ea1cce226a2b3ba4e655ed1318cfc342.png,4
6_0d131052aa8b2e7c517d6b4ba4478f66.png,5
7_f47b2cb030ff3ad88bc9ca6712d6c7b7.png,6
1_3dc0835fb0cec1bec82a092858d848f9.png,0
5_52280c73d3d178b85384e1df9e9a737b.png,4
4_460d0d22fc6ff25eb7b989431110f66d.png,3
5_df9ba5c6cf605500c51c19bb8fea61e7.png,4
7_2dcb5d7e27fb102ddfc0fcd0a0bf029e.png,6
6_ff7af64e8347b29ee55310d53e5ba6bd.png,5
7_5c28565e02b3cc27947707fa87a24f6b.png,6
6_6fde08d3db9caf5983d1197787f4d31b.png,5
5_a37043dd6316d92d583114b8f0883751.png,4
7_579aca7da253bcf41b741feeb79a35fd.png,6
1_271c7ff90716f5f0be364e05d4e7460c.png,0
9_fcebb35c5f44d3938b37778d58d12841.png,8
3_88b66210f6adefbdc43a535a1c463dc1.png,2
9_a690b4dabd72a0c03d61f38ef2051a0a.png,8
5_66a2a10c5d597c7cc85aa7f32c51358a.png,4
3_990c869929c001e8bbd41d9eb46eba3a.png,2
5_e968de7dc8469d21a24c4dbea6f1c21c.png,4
9_0464c2dfa41b2a8c5823d93c6fe9b248.png,8
5_680cb3edf68afb6eac7e500b14604635.png,4
8_065fe8f663420d8704a2f0fc2eda1d6d.png,7
9_1f04c5db5458501d642e4021db5e69a5.png,8
7_acc9d94a3e74e310cc2285e9a38e85d1.png,6
9_ae5a54c02eb4e4917134fa60a0c3e14a.png,8
9_86d00c0619c4f27478646f9168998b7e.png,8
4_68f18a56b551328bb0b6590a67877ec5.png,3
7_ded7ca531a3e969a2fe331a004c70d1e.png,6
4_094a60e340432eb306c125fdd70e1321.png,3
2_608114a52f8afe896995666058996f76.png,1
1_cdf61fe5d4f86e75c6b78950b8f2e0f7.png,0
7_c20edbf10dcac53f41a4e0a57e9b491c.png,6
3_56b7e1eabdab9f80f7293ee02b0ceb57.png,2
7_5906e7d610e8ba8df24333e8f81e4bbf.png,6
2_b309a64f1092bc3f696f0e3032ad9f2b.png,1
8_343eaf94e9c083f7f9328955f935f3b6.png,7
1_c76cdd4f5684a62e781b72e699f7fe8e.png,0
9_30210c2aa8dbc24e8903c9e0bc92787e.png,8
9_e6a3ca9ba2faa043d1c1599b4a120205.png,8
7_395930c949512fe43515647da29a3238.png,6
9_38c51b2ac47e7566e5a45878d24f1173.png,8
5_3e0e7bec9b2ffbedc74ed3f93103c8f5.png,4
4_8ddcc51cf02be8d2bdbee873dffcf744.png,3
6_673134164837d364fc52dcc9faa55075.png,5
6_1abb4d56e83b4a605c855b71fc6756c8.png,5
9_f183db3f4fbadaa63c8c752a7cbf3ae0.png,8
9_ba88675eb1fc25d9c3fb156106932eed.png,8
6_b86d460c29fea2c3c09d40c3c790bcc6.png,5
6_81fb4e7f9de1ed5f0624480758708bde.png,5
1_d3b8bba1a9f87cd5de0037a8c8091df7.png,0
3_26a74d30f98016195b2635be5d2c240a.png,2
9_ac54d201ad7fc344fb4f55bdbefb9bf8.png,8
4_9ca4134989ce3b80a32b8530413c92d0.png,3
3_317902b96055f920da36676056ecb5fb.png,2
6_8a04adc15938f9ba4b645eb6a72c31c4.png,5
7_0369a1b921eb9a8fb4b7eeb2d7d2a230.png,6
9_b438aea6356965675b87c774acbe606f.png,8
8_5f1144e6122bc77212eeebec3c034ba8.png,7
6_3a689734a8d51c16742727dad19a4670.png,5
4_7304d89f02cd1ca81e878ca733e9aca2.png,3
3_bec28a8afde0cd5d54934b97e320f6f4.png,2
6_43152eedd72198f6e864e589c601c33f.png,5
5_2ca45fab6c13f64d69f0b841c8433c58.png,4
9_c12f7390d236ad00f8b5da910c66fe17.png,8
3_5baeb906654c01bef9ec914e2f77ae78.png,2
9_f895895e18d94539841bca81d401831f.png,8
2_22ac6340f7b0b47e070cb75295d205ac.png,1
7_4c2f68f9eccd46b6e2d4749efe35e557.png,6
7_339fe134fa46714532f97dca156ed507.png,6
5_bbceaed76e1c709bc22bb0580d2562eb.png,4
4_81a59b26d9431c98120249b80e69c147.png,3
5_a28582ffb9de93d8ea9a27277067e11a.png,4
8_e5d970f9315cf3f511e21f86ad994271.png,7
8_bc05b765b584b1e0a3ce38371c2a9a14.png,7
5_a4ddb614ab41d9bc41a534d374a57dfd.png,4
6_080a876a43a7a879898e80510ac7db21.png,5
2_e693135879441c58c9e3cf8d3fdb52df.png,1
2_dfe0c639039b8f84f9f7546abb81f602.png,1
3_f4c886e3c0df857dc6441e8f90176482.png,2
3_0fa3178b46a61d7e5935ce0ae0f29f7d.png,2
7_0c4c3b1041e061847b0efea8dd71c661.png,6
7_88a206065365ad17d803d1dad0a311e4.png,6
6_224e6c4ce02443b60bff8149aafd8312.png,5
6_64e0d6946d2ffc0b0b7603ad49530018.png,5
1_d46bd18dc2a5cc8db44cb648e3fa396b.png,0
1_1046dcefb15e990f77d98a5b4b95e49e.png,0
1_2f1c33fbdac2c5eb4cc86a7366f82360.png,0
3_c498ffeeb2d26ed812b56e9e5a86c3d1.png,2
1_f924edd935901f4d0e58184ee3dc8e7b.png,0
6_2fbe2364ef1083148ee009205b194922.png,5
3_45d43e722878ff3eedd89ac35b434581.png,2
6_66e054dba3b85e9f444330465bfff322.png,5
2_20d39faae7c1f1ab66e28164e6014e4e.png,1
8_5bd5ed299e526b6f64d63f1d3db36daf.png,7
7_10f074008cb9142d9029391e79135ca5.png,6
7_82997a44a6991f787830624089af8fee.png,6
7_b23116cd8e6902a48c0d132af5e6a1ee.png,6
1_55d017ef60d8e1d8d45e323a8781858d.png,0
6_2977823b0441e98366bf92db479903e8.png,5
4_338d421c5c826c1732a47f204867cc07.png,3
6_b0ae639a4da448ec24a5faa1b7a81631.png,5
7_60f857cc0b379479c81b509bad7c47f0.png,6
5_18c954add5de43349ac499b58ef9dd77.png,4
2_2255c1931617333f4c7ed02b17c496d7.png,1
5_4c5dc0f2783696089fd0f14876f39ebc.png,4
9_a2d19292cf633e97f1ffa6bc62b8ae4c.png,8
1_39f806dbee688d857cc1e71c3c25ffbd.png,0
6_f750024100bb7b53b7ef901603361d48.png,5
7_29ea83b9a163ca97ec7c1cd751fddbb6.png,6
2_0e97f5c102fcf1b61b2e5f2ece05c7e0.png,1
1_34fed86d9c9f476f3f188add5baa9e42.png,0
6_c9efd4e9a72336563a5461ae39be3aaa.png,5
8_09d11d94c3c0fc7435b700e9c98f39d7.png,7
7_e90c0413eb7484e4dd32c7d607f3eeb2.png,6
1_81eb9545ca94330c9742377a395945b7.png,0
1_5411b2c1617584c4a88658a2b711104a.png,0
5_7260b97955cf2c18d14d160655699f92.png,4
8_ba4b8d8dc537c9fea6311fcfdad8725e.png,7
9_a8b84f00e40522400b4aea7e5224f7f0.png,8
6_bff5910c0c96c2bd4692b5f58cadb900.png,5
4_c3c812db9df5e814ac51c0bab4ff2de8.png,3
8_e1e3315ea30928e5f08b19b2dd5ff3eb.png,7
8_5074d3c48ad12ac5aa3768978160f0c8.png,7
9_f1a2e498896f257cccec0995231f7bc7.png,8
8_a12556a7dcae18f5df15b5d8d2c59f78.png,7
4_c36249b4ce6dd4d1bd49b539bd64d0d7.png,3
5_85690362779329ebf3e421560febd744.png,4
9_36c3bdd89952164ced4898930e2a78c4.png,8
5_25728415f340ff12246a2eef3db01db1.png,4
1_973633e67e791b6997a77868a6f2d3ff.png,0
2_827def945649e3e4091693c1f921fe84.png,1
3_2496bd9cf1b91223a525906d1e2307d8.png,2
7_a5fddd0cb6564a19ea39c35f91e1e943.png,6
7_2b0043e0b5a9275455e5e0e3c9e42e4c.png,6
9_7266d4a80f91c6b188e624a577a5030c.png,8
5_c0c472fc7167d73377e490a545fc4799.png,4
1_be4128d90749251c6f76645e5a1a6bbd.png,0
7_4122aacb15515af3712454a3910471f2.png,6
7_20f890ed61b5f982a827e631134144ef.png,6
9_0ee8291c60ccc388eefdc81e1fcc8766.png,8
6_975207289c5eb8df28c2cb4a3c1b89ac.png,5
6_346acf60e9d64371651643e04609453c.png,5
9_acde1da9476042eea88cd5bc037be9f1.png,8
9_ac08c4e3228e474afd7b112f6c93c8d3.png,8
6_ff73f11000059f8beeabdf43a48be374.png,5
9_3c501bebf07c09bdb64bca3322b6fb43.png,8
6_ba22e4bfd96ffafcb99000937208bed5.png,5
1_ab9287ec88420442135b838ff6b9da18.png,0
1_09cd1656c4a7a02a4f80c8a6c918a9b1.png,0
8_e9e26292619927ab124be840857fe2f4.png,7
8_9439488edee50c3a103082a3503618c2.png,7
7_45cf8f4ff32f22360e861d60a8ffa353.png,6
4_fb59b2f986f2a4572cc2f3fc17328ceb.png,3
6_eb091b1820f9027dd24313cf2a49d331.png,5
7_e8d94ac71c7b28476589b25c81628574.png,6
2_f3ad295a16d45ea79346a91f3c238698.png,1
7_eb5a7fe9ab6e9a6867705d8bf2c32e3d.png,6
5_cfb66ca10eb21916407df4d0db7e6663.png,4
9_5cac31c3e61fc917869a22fe98fa5e2b.png,8
3_b2318c9e1420f85cf0bf0bb17adfdb61.png,2
8_0784cf3fd4460665982b3c9b94d18647.png,7
5_e31053e22d70bac12b2547c6c569dd40.png,4
9_6ed2fbfa206912a2f8ebe8079ba3619d.png,8
9_c1915d3482327f004a6ce539522897a8.png,8
8_a7108c33cb3131c0fe13f2253a6448b3.png,7
1_d7076593c5650ecafe827b280ed22ed6.png,0
7_b60744f4aea3eb454d7939938b1d9fca.png,6
6_10565863b8ebb2840943f1aa63202880.png,5
4_22910fe21b60c0b71778bb0d59a78a8a.png,3
9_4380d468d2133c62d8828bd98416869e.png,8
9_6dfb0f79ad2eff2b229eb090d481f0e8.png,8
8_91abe39ea63beec9cc2f0df6f4b35f5b.png,7
8_477d1f8447471e9aecc76ed3f871b009.png,7
5_f6c74e9b444e5e934b2fc7eae74b93e1.png,4
9_e82fa0063b3a7f7304c63ed639c14b5a.png,8
1_9df066ad89bc11ab84a216244c9edcfd.png,0
7_3be9e47d14d3b326659ec977a3ee6a35.png,6
9_43c2844be31e9340d9748b09579d4b4b.png,8
6_adedb8b62d060b7334fe1c99797c29bc.png,5
6_0c5e5f891c6dee60d26ea41bf3673282.png,5
4_dba2fdf4f5a94abffb193bbd30d4ef33.png,3
7_1597d34769eaf2c96f9ceb619e22a5b9.png,6
8_499e1b53ce5c700d24fa3d4a9e06729b.png,7
3_96786b02cddbb78db18981f22d807174.png,2
8_20462528b57735fbe4efa817aa4f81f2.png,7
4_32faf6ccb0fb48c62ee4f5682de6ea3a.png,3
5_089a07bdfcb8805bc5d075662529458f.png,4
5_dea93ca89c6c1f27a5d423ad51a1c495.png,4
5_37d1478b7b59cbd6d0bd30ed1c7dc14c.png,4
1_b55f786657a18faccb39b8661e423af4.png,0
6_86d6041a881a18b2785a8d3ec0a9aba1.png,5
6_32b97e66cf4b32a89ba2a084fb47920b.png,5
2_a2b4a10d48c48148aa9269e0498cf024.png,1
7_c63f9e8a3af19e9366a125b03615e58f.png,6
6_e108ea3fb813d05f72abe62398760f42.png,5
3_a50a4229a7269cbcf01511813cf0f5cf.png,2
3_6f8d049294bca2789e6a01c233e3193a.png,2
1_9655404c4a661e95efa47d4726c145f6.png,0
4_c7cd3434621f1d044c342a471ef86a67.png,3
3_6aa37300372e6cdfa5eca1814c55e7da.png,2
7_e8d5ba0ae1f5b7c42e4f7a37867032f0.png,6
1_1d17e7d25edce7e0d236142d56c8a85a.png,0
7_03b4db5c2ba48ebcfecafe597974983a.png,6
3_91a2b760b710f4b7b261a7d2069f6a3d.png,2
5_d5fa45f02a38142eace3da5b858331fb.png,4
3_bbbc401eaea415e82b4fc1596041c349.png,2
7_6a9c931cd59042b66c2e5a047d68c1de.png,6
5_8d96544dae6ef3edd6a7a4b3722b6ff1.png,4
3_51b7f3ef330be8b75139b7ff6541db1a.png,2
6_1454197a65b58908b0b3393dc6c6670a.png,5
1_e485e34349ad4096a2037d06ef7d351a.png,0
4_4b4a0c187710d9c95500d4fcbc3a959b.png,3
2_df914d08ea70826f1f42ee37abff379d.png,1
5_94a04ed994d822a4dfb2585fb5e2b437.png,4
5_1e5936888c1a4ee287ccae5bac12f1b1.png,4
8_21b2566825a02c6f017a6a8522d67bce.png,7
6_c0c54472faf2afa0c269398f1d4555bc.png,5
5_0fa4508410c91616fda12fc3d662a483.png,4
4_912b5f94a9fbab975bcefe42ec3eb6f9.png,3
4_559d58c698c428fb2d769f4072ce8648.png,3
7_c3de69189b193298e7145dad74c705eb.png,6
1_3a0bc0d69753636f68cc5d46d1e067d3.png,0
6_8ac82c2c39c5852c15f51ab072098f47.png,5
3_1203c4134802728ab07eee5138707394.png,2
7_ea25a8887ae500f1256759e8c1ed8b49.png,6
1_175bfd874dc844ca423f15b3c089869c.png,0
6_38478ce842ec1cde1478beb06f584068.png,5
7_a1d822d50cfc3c494b9561d16af0d9d5.png,6
4_6c0abb8abf79d0de0c67030c4d88a6af.png,3
7_afed981bc462428d92681ed8ca065ddb.png,6
7_e4d88370ecbe47e797cce88cce2297e0.png,6
4_269ccfef940ea045bedbc2820385d45a.png,3
3_d86efc899bec44bc052ec70997b3791c.png,2
1_f2299fce76fda79173c0df9e6ad081dc.png,0
1_f80844611c8555ebbad1b39a755a580b.png,0
9_1a00d0ea64dcea2b32367ebd6f14b92e.png,8
3_a0be283591cda1e3c504ace6798272be.png,2
4_1946ff1b749e57166c3e816e14ff0e15.png,3
9_d37e4972bfa14d14da579c62b01b70f3.png,8
4_6b8990ae73c03efcdae102abf058a3ab.png,3
2_51cbb001d6eadadfe7a4a4e9deb5eecd.png,1
7_e799a9b5152c2cb75abe1d898db53604.png,6
8_9a0b5152c48d678c17bb21f0f543700a.png,7
6_7c508f4dd514c144b79f6b68c3587e6f.png,5
9_853e52ed93421d608963394fb9698259.png,8
7_3811e9e5338ad5fdb2becb3db8a38607.png,6
8_619b9fa907a7ef56f4171237c5f58fd9.png,7
2_43c57a4f2936a5305ef9faae50a7be3a.png,1
5_5538ae5e47f900777118816566673ca8.png,4
4_f14001290a059c8881bc8e7f52252811.png,3
5_83a65d37c1f19c16beea0976da284db2.png,4
2_598820b9edb383da316e1ba3b30d518d.png,1
1_f8254d13ead31ca5429424f20ecf34e4.png,0
7_3e057d4d47380a60e3ec1845852a91e1.png,6
4_9903e193c6e43796af089333eb0a22e6.png,3
8_51855fd854db52b72a8ccc8413ca7318.png,7
2_3a34e77e1761e5775ef4f3d41ea7a687.png,1
9_0dcda5062e0b7dec46bc6607307dfafc.png,8
7_cfc53f7d3731ea5b7f8cf3a430d57f82.png,6
6_f6f5fdc7fdd0ed0b83b7fbdfe6322e18.png,5
7_7c7e591780639ee99bd875e3bc611df9.png,6
5_192f592e8a76d4f5cd0f322e53dfe8ae.png,4
9_7a1b74d2498a3ecfe176a38af7284f9e.png,8
1_1b65b73e7a47d432e3303022a28e3524.png,0
3_8a6d69a1632d5d3ff63aee836ff741d0.png,2
4_8cedff03e8c7e06a8c74e3ffb658e8d8.png,3
4_bd30053f0cb1f1990df21f6d34d73598.png,3
8_6729d9c2e41c99870d7d57d09f298a95.png,7
9_809c9ef033d364f44958ee6e69726b7b.png,8
2_fe2ffd9fcb2392f94faf62c6948ff351.png,1
9_5691f0dff5dd4d07feba50dda8dc53f0.png,8
7_ee4a60eec30f3bee67ada2e430929994.png,6
3_1a6418572908e72f2726cb84598244ef.png,2
3_99a47254dd91a4e78d54d4c0be5a47f2.png,2
3_13a946a3d815ef14f7a4488a5c8c35e5.png,2
8_92c310d7ce160096d8f233a2c249ef90.png,7
6_c694766ce3f9b21958f2a8d7dae5826a.png,5
9_77520c7481c81ceb46acc27732100ce4.png,8
3_dd1755961889647b264b880ef5c89926.png,2
9_5e0cf77ad9a748a1b08b59da4e6d48f7.png,8
7_7aeb1f9c91afa96a9745efd19f7f7e67.png,6
9_f3e12128226553421958109aad1d61f3.png,8
5_f009a6cc2a1c84acc08cb3dbf202fc14.png,4
7_523fd4f4ffc729ce72c7ebdb9c12aa66.png,6
5_01785c402a3dabba8aaa5df3222aa541.png,4
8_0741829fdf03a744e4f5dd5c4876a69f.png,7
6_a3f85f4f9016262555c19d99ebfbb5fd.png,5
4_44b85c6b72acf5bbd047745ca42e9ffe.png,3
9_813fb0f0c5097ff22af06968bacb708b.png,8
9_321c8f349cef1e876de0222e398433f6.png,8
9_e990313f7fd2f548fb9675f9fb57e934.png,8
6_744e5a6348b79eeec393d4716f538761.png,5
2_b49e4b4e77e93d541c5f1990b738a86e.png,1
8_8d44e430e19b9a2033ca00712e965f8e.png,7
8_65878f941c9dc9f6ad3736260e1acb62.png,7
1_6ae3ca33fe531ef2e27d4e1eb593516f.png,0
7_06cd5f7714760be78e911ba1708d12ab.png,6
8_a32c276607b36ea2b8bf8e281f43c9e9.png,7
3_d1bf689d11d076b80339172da5c2a157.png,2
7_4829f6e1bc04446f36093b21ffde8a07.png,6
7_c2be913743dfc4c741a7f75e4db8cb6c.png,6
6_0841a625fa9d9bda542d16869ab90a12.png,5
9_73f10beca19999bd0962a08b0914da8a.png,8
6_4b815a59154aaa9261eac5188b289935.png,5
9_6dfcdf2925fccd8e262d54b4aefc258d.png,8
4_02e154e5f221535a264a7187fdb4b4d6.png,3
9_528a9d3e0780d14130eebbede7e24a65.png,8
4_bdb91bcfd55b09f6fc649f98cf184cc2.png,3
7_faf7c368c7729cff6d065ee239b75b5b.png,6
9_cd06a567d654dd82c38e37c0edb7feb1.png,8
3_974387c008bad28afc78b2ee54d728ab.png,2
8_71a3edb6fce15bb666ca72cb9371f44d.png,7
6_5c6db97337500acb5feff56866f5968a.png,5
5_a1670e5596e35e6dba93156bdb424520.png,4
6_4afaf1c1151526b3635ee688b7312a58.png,5
1_aae00d7b01ee69621a2fde7b71a1409b.png,0
6_af14619686d6556796b4e59b92382773.png,5
3_1a69b081c46b7e94dfd757f67203d547.png,2
9_c2f60232090238b2fad12b51f86d0e34.png,8
4_0bba0584a45d942a35048767c48753b4.png,3
2_aaf6463d3d58b91b56b581a8729f4990.png,1
2_2efd8767b9e93262931598713a66e9c3.png,1
8_5cce1161723c5674acc02a2e30977cfc.png,7
2_240bd6cff317f1fd00911b0ffe032f16.png,1
6_d479755b7627132d05bde85b014aea15.png,5
2_b0f50aa2f6ced024b3b3f0d4cd6b4953.png,1
5_9994dcc9647492d9a46b5c30387883ea.png,4
8_ac709d5e59b3e62d1d867769d3905c0d.png,7
9_5da1908185f708c0341e8cce94d20d0b.png,8
7_2744ea1755ed172185c0251c1b7682ad.png,6
3_ad8d9706f4dd56c27e7e11ec4320b1b2.png,2
6_ce4f689570b1edee91dd78681958cb29.png,5
2_ae3de4ad06f3b05f251131e557e095dd.png,1
9_ff5f2862ed94cdd4bd7abdc36f3962b9.png,8
4_8d9bd1714276909efc0242cec668c0bd.png,3
6_a2822c4708cf5a8335ddab6b37bbab4b.png,5
3_495c0677659d33a43c09d9f71067ffc4.png,2
7_3b9052418a39c73d234957245e281389.png,6
2_02d4b41d52d57653a9853b5dc826b6c9.png,1
1_4f1d6b3146799e3716351055f37298c9.png,0
2_e64487e3e4b86854e141f54982a9be42.png,1
3_32f0b233b52c1faaa21052e3a6413e77.png,2
1_60060a4bb27544d557f3a9e7809029d9.png,0
9_72189f1d331658ba9611649baeb0a287.png,8
2_7f30d003625a88da30867020d332c5e2.png,1
5_7e64660573b1e3ab48bac5524dd20cc0.png,4
9_30345345b712fc0d2e903a9307f2b038.png,8
5_2da25cc2f4cc207243a20a5e83634de7.png,4
9_848fbfd865a2953695ce5199d07eda6e.png,8
2_1b6788c1dff7dea204cfc6b27a2b597c.png,1
4_270ae176a891740f1dbe14d58ca8c268.png,3
2_a32fbb32820ad96a52ee189ce90ba606.png,1
5_7cf2caafa94c8ddf822c5ce64a7f0307.png,4
3_89f9c58f3bdd8bf530e699c77d649cd1.png,2
1_e0ea4566ffd28b0bb7c6c779ec6491d7.png,0
9_48e0808711a794acccb08da73fdd4806.png,8
8_fa22eca9c3ec9a5cc0e4a723260c2c9c.png,7
6_7731f7b847e29fdb5ec756827127886d.png,5
2_a405e0698edf6ec10b752ff039d5b878.png,1
1_23f3a2cb081ce8ed4d0d41078661b035.png,0
9_74ba288f5a87311dc0fa6c07ad77f2e7.png,8
4_8ee5f186ac82247be9e04409ac6004dc.png,3
7_6e755c0cf44b8658e232527f578da4be.png,6
1_9408b7130f661df8059bdcef22f42d86.png,0
6_5d6c904bc42bf9c43f46a60b9afefa63.png,5
2_142158014592555b4daaab36b2ca1d2c.png,1
4_49b9ae88d1102550f9a2caf6219e68d0.png,3
9_7ecda31d89b1dccff3fe3e790996abf4.png,8
8_38ab7c09a9c3a36e85e3a5edece1fe83.png,7
5_eee5949e69cf1a7700ca7f40e958917d.png,4
3_8761ec47bf03faf9c25d37bdeea7c1a3.png,2
3_15dd5fc2659129d6087097c44829619a.png,2
6_c7c398d73dc02fa94bdf6b912537d069.png,5
5_6060b2cec6c0468de6f6fc011d0a1b8e.png,4
5_cf08da0b7a9d2948cc8d8103c0995563.png,4
9_74e8a92e5e96dff90628525aab5918ef.png,8
9_b1c9ea927b046e6f0f9567319100a181.png,8
7_272c8adc1dbd3370fd27332f282f5ef5.png,6
4_42849e66aa9db4f3e0cab43deae7cb68.png,3
8_e07340c746ac5dcf889a29150b04ba1b.png,7
9_c83fb862e2e6cb96314471f57d14aecc.png,8
6_79ca4992083787fa6d0ea23ee12c6b7d.png,5
4_c5072a71aaf208bf5e6bc0bb7d135a9d.png,3
9_e25ca747da38f055ca4056d013344048.png,8
6_a46b390a1f2f4cc4ab87cbe963ede053.png,5
4_e94bd8310549337fcbe8cf7743f70891.png,3
